account,Text,Date,Compound,Positive,Negative,Neutral,Tweets Ago
CNN,"RT @CNNPolitics: ""My duty as a senator is to focus on the nominee's qualifications as long as that nominee's philosophy is within the mains‚Ä¶",Fri Oct 05 19:30:01 +0000 2018,0.0,0.0,1.0,0.0,1
CNN,"Sketches and notes by J.K. Rowling, along with other magical inspiration from around the world, are on display to h‚Ä¶ https://t.co/vZh52SL3gO",Fri Oct 05 19:29:36 +0000 2018,0.5267,0.145,0.855,0.0,2
CNN,"RT @CNNPolitics: Republican Sen. Susan Collins: ""Today we have come to the conclusion of a confirmation process that has become so dysfunct‚Ä¶",Fri Oct 05 19:17:54 +0000 2018,0.0,0.0,1.0,0.0,3
CNN,"Sen. Susan Collins is announcing how she plans to vote on Brett Kavanaugh.

Follow live updates:‚Ä¶ https://t.co/sc4b27zskg",Fri Oct 05 19:16:10 +0000 2018,0.0,0.0,1.0,0.0,4
CNN,Republican Sen. Susan Collins announces how she will vote on Kavanaugh. Watch CNN: https://t.co/UYpqI3w42L https://t.co/AR8UxenBpM,Fri Oct 05 19:14:00 +0000 2018,0.0,0.0,1.0,0.0,5
CNN,Traffic jams and loud horns after midnight. Folks in Ireland are more than just a little excited now that the count‚Ä¶ https://t.co/rrFpwtChKa,Fri Oct 05 19:10:08 +0000 2018,0.2748,0.095,0.905,0.0,6
CNN,BREAKING: Chicago police Officer Jason Van Dyke has been found guilty of second-degree murder in the death of Laqua‚Ä¶ https://t.co/wjoGThXDhY,Fri Oct 05 19:08:53 +0000 2018,-0.9081,0.0,0.599,0.401,7
CNN,"Mike ""The Situation"" Sorrentino, best known from MTV's ""Jersey Shore,"" is sentenced to eight months in prison for t‚Ä¶ https://t.co/H6lBugshuL",Fri Oct 05 18:56:38 +0000 2018,0.2023,0.164,0.664,0.172,8
CNN,Greg Gianforte's private plane could be critical to Brett Kavanaugh's confirmation https://t.co/9FDHdSlxeL https://t.co/gh4nBnREEA,Fri Oct 05 18:50:07 +0000 2018,-0.3182,0.0,0.839,0.161,9
CNN,This woman is being hailed a hero after confronting another woman who was criticizing two friends for speaking Span‚Ä¶ https://t.co/Mfb9jC4HW9,Fri Oct 05 18:40:16 +0000 2018,0.6705,0.322,0.524,0.154,10
CNN,"""I actually got to eat my food while it was still hot!‚Äù: This incredibly kind Olive Garden waitress helped feed a f‚Ä¶ https://t.co/yl2iCWBkw9",Fri Oct 05 18:30:06 +0000 2018,0.6105,0.159,0.841,0.0,11
CNN,RT @cnnbrk: A verdict is reached in the trial of a Chicago police officer charged with murder in the killing of 17-year-old Laquan McDonald‚Ä¶,Fri Oct 05 18:23:22 +0000 2018,-0.872,0.097,0.55,0.353,12
CNN,"Vitamin D supplements do not improve bone mineral density or prevent fractures or falls in adults, a large study fi‚Ä¶ https://t.co/IOaSMC6DIo",Fri Oct 05 18:20:06 +0000 2018,-0.0274,0.152,0.737,0.111,13
CNN,"Nike has said it is ""deeply concerned"" by the rape allegation against Cristiano Ronaldo https://t.co/C6jQ29Rf8N https://t.co/RjBuWu9TyE",Fri Oct 05 18:10:04 +0000 2018,-0.6908,0.0,0.761,0.239,14
CNN,"A two-year-old boy shredded more than $1,000 his parents had saved to pay a debt https://t.co/mNZgfPOVTU https://t.co/dl2WWnLarv",Fri Oct 05 18:00:02 +0000 2018,-0.0258,0.15,0.642,0.209,15
CNN,"Republican Sen. Lisa Murkowski voted no on cloture earlier this morning, and will vote no on the final Kavanaugh co‚Ä¶ https://t.co/H1FfzWVJGW",Fri Oct 05 17:50:07 +0000 2018,-0.5267,0.0,0.812,0.188,16
CNN,All the ways Amazon's AI brought me the socks I am wearing right now | via @mattmcfarland https://t.co/91706JGMEU https://t.co/DykZ7An1Id,Fri Oct 05 17:40:10 +0000 2018,0.0,0.0,1.0,0.0,17
CNN,"A rock that was used as a doorstop for the past 30 years turned out to be a meteorite valued at $100,000‚Ä¶ https://t.co/kLc0ftx375",Fri Oct 05 17:30:01 +0000 2018,0.4404,0.132,0.868,0.0,18
CNN,This Texan might be America‚Äôs first Filipina in Congress. Gina Ortiz Jones is an LGBTQ Iraq war vet who wants to pr‚Ä¶ https://t.co/TwYtebfVoo,Fri Oct 05 17:17:00 +0000 2018,-0.5994,0.0,0.849,0.151,19
CNN,"The US unemployment rate fell to 3.7% in September, the lowest level since December 1969. https://t.co/BchOtic0Y1 https://t.co/KLhc75J5Y1",Fri Oct 05 17:08:50 +0000 2018,-0.6705,0.0,0.732,0.268,20
CNN,A Republican county chairman in North Carolina reportedly shared a photo that social media trolls have falsely clai‚Ä¶ https://t.co/WaSiqlOrzo,Fri Oct 05 17:03:18 +0000 2018,0.34,0.13,0.87,0.0,21
CNN,Agender. Nonbinary. Genderqueer. Gender today goes far beyond boy and girl. @lisaling discovers what it means to be‚Ä¶ https://t.co/hGKHcRhI1L,Fri Oct 05 17:01:15 +0000 2018,0.0,0.0,1.0,0.0,22
CNN,"A two-year-old boy shredded more than $1,000 his parents had saved to pay a debt https://t.co/mNZgfQ6xiu https://t.co/h9b3pTKKd4",Fri Oct 05 16:52:51 +0000 2018,-0.0258,0.15,0.642,0.209,23
CNN,"Sen. Jeff Flake says he will vote yes on Brett Kavanaugh's confirmation, unless something ""big"" were to happen‚Ä¶ https://t.co/XdNjjL7QeL",Fri Oct 05 16:42:04 +0000 2018,0.4019,0.13,0.87,0.0,24
CNN,"Vitamin D supplements do not improve bone mineral density or prevent fractures or falls in adults, a large study fi‚Ä¶ https://t.co/0pxnDk0Sdy",Fri Oct 05 16:40:08 +0000 2018,-0.0274,0.152,0.737,0.111,25
CNN,The 2018 Nobel Peace Prize has been awarded to Denis Mukwege and Nadia Murad for their efforts to end the use of se‚Ä¶ https://t.co/XXGezyITJ7,Fri Oct 05 16:30:07 +0000 2018,0.8591,0.311,0.689,0.0,26
CNN,"CNN Business went inside Amazon HQ to see how Amazon uses AI to improve customer experiences, from cashier-less sto‚Ä¶ https://t.co/Eh42KUWnf2",Fri Oct 05 16:20:00 +0000 2018,0.6486,0.27,0.73,0.0,27
CNN,"Sen. Lisa Murkowski explained her vote on Kavanaugh to reporters after leaving the floor, calling it ‚Äúthe most diff‚Ä¶ https://t.co/qyyQtmOSj8",Fri Oct 05 16:17:21 +0000 2018,0.0,0.0,1.0,0.0,28
CNN,This woman is being hailed a hero after confronting another woman who was criticizing two friends for speaking Span‚Ä¶ https://t.co/VPRqv3zsPm,Fri Oct 05 16:10:00 +0000 2018,0.6705,0.322,0.524,0.154,29
CNN,General Electric's new CEO could rake in $300 million -- if he can turn GE around https://t.co/NdjJSn9tqq https://t.co/rUYWcbLBLb,Fri Oct 05 16:00:07 +0000 2018,0.0,0.0,1.0,0.0,30
CNN,Here's a breakdown of how the Senate voted to advance Kavanaugh https://t.co/P6Cg1coOBY https://t.co/BgZNSORIIp,Fri Oct 05 15:50:06 +0000 2018,0.0,0.0,1.0,0.0,31
CNN,"At 106 (and 1/2), this doctor isn't slowing down https://t.co/U6DyYBgqqu https://t.co/5RDWpACY7f",Fri Oct 05 15:40:00 +0000 2018,0.0,0.0,1.0,0.0,32
CNN,From cornfield to c-suite: How @LandOLakesInc CEO @BethFordLOL became the first woman to run the company and made h‚Ä¶ https://t.co/2o8Qv0C0Zf,Fri Oct 05 15:31:01 +0000 2018,0.0,0.0,1.0,0.0,33
CNN,An eight-year-old girl found a pre-Viking-era sword while she was playing in a lake in Sweden‚Ä¶ https://t.co/xXroy7lbbE,Fri Oct 05 15:24:45 +0000 2018,0.2023,0.114,0.886,0.0,34
CNN,"President Trump, watching from the White House, tweets that he's ""very proud"" of the Senate's vote to move Brett Ka‚Ä¶ https://t.co/KzG3reAJF9",Fri Oct 05 15:15:20 +0000 2018,0.5256,0.145,0.855,0.0,35
CNN,What you need to know before investing in cryptocurrency https://t.co/Sfp4yJ47Hq https://t.co/zyCrPYr8q9,Fri Oct 05 15:13:46 +0000 2018,0.0,0.0,1.0,0.0,36
CNN,BREAKING: The Senate votes 51-49 to move Brett Kavanaugh's Supreme Court nomination to a final vote that is expecte‚Ä¶ https://t.co/E012WcM9tg,Fri Oct 05 14:56:48 +0000 2018,0.5574,0.167,0.833,0.0,37
CNN,"An eight-year-old girl has discovered a pre-Viking-era sword in a Swedish lake, prompting locals to name her the ""Q‚Ä¶ https://t.co/1eWVySvr8T",Fri Oct 05 14:50:06 +0000 2018,0.0,0.0,1.0,0.0,38
CNN,A man's vision changed dramatically after he took a gulp of a drug he bought online that is commonly used to treat‚Ä¶ https://t.co/2EeDeyYfM6,Fri Oct 05 14:46:25 +0000 2018,0.25,0.095,0.905,0.0,39
CNN,"Sen. Susan Collins on the Kavanaugh vote: ‚ÄúI will be voting ‚Äòyes‚Äô on proceeding to the final confirmation vote, and‚Ä¶ https://t.co/0Lp5HsyMir",Fri Oct 05 14:28:37 +0000 2018,0.0,0.0,1.0,0.0,40
CNN,"Can Kavanaugh get to 50 'yes' votes? Sen. McConnell plans a key vote, but some senators haven't said whether they'l‚Ä¶ https://t.co/stTqtTh12w",Fri Oct 05 14:21:59 +0000 2018,0.0,0.0,1.0,0.0,41
CNN,"Red tide just spread to Florida's Atlantic coast, choking some of the most popular beaches https://t.co/j79fylMPHN https://t.co/9d0h6aCz5W",Fri Oct 05 14:11:25 +0000 2018,0.024,0.147,0.711,0.142,42
CNN,A Utah man has admitted to sending letters that tested positive for ricin to President Trump and top government off‚Ä¶ https://t.co/S49MDmY1NL,Fri Oct 05 14:01:50 +0000 2018,0.7003,0.286,0.714,0.0,43
CNN,A UK supermarket chain is offering to deliver groceries to your fridge while you're out https://t.co/5Y3WUS7pmM https://t.co/lzmrMc0lIi,Fri Oct 05 13:44:49 +0000 2018,0.0,0.0,1.0,0.0,44
CNN,Mattress Firm says it will quickly close 200 underperforming stores and make decisions about whether to close or ma‚Ä¶ https://t.co/we54VbnYFg,Fri Oct 05 13:28:46 +0000 2018,0.0,0.0,1.0,0.0,45
CNN,Mattress Firm files for bankruptcy and will close 700 stores. https://t.co/sVlROm7Pi6 https://t.co/fi2P8YVbYb,Fri Oct 05 13:27:51 +0000 2018,0.0,0.0,1.0,0.0,46
CNN,"RT @cnni: BREAKING: The Chinese head of Interpol, the International Police Agency, has vanished. His wife told officials she hasn't seen hi‚Ä¶",Fri Oct 05 13:14:00 +0000 2018,0.0,0.0,1.0,0.0,47
CNN,A woman is being hailed a hero after confronting another woman who was criticizing two friends for speaking Spanish‚Ä¶ https://t.co/j4ihg2g12k,Fri Oct 05 13:10:08 +0000 2018,0.6705,0.335,0.506,0.16,48
CNN,A criminal probe has begun after hundreds of tons of human body parts and medical waste were allowed to build up at‚Ä¶ https://t.co/gEuoUZZ7Ok,Fri Oct 05 13:05:47 +0000 2018,-0.7351,0.0,0.763,0.237,49
CNN,"RT @CNNBusiness: JUST IN: The unemployment rate fell to 3.7% in September, the lowest level since 1969. The US economy added 134,000 jobs l‚Ä¶",Fri Oct 05 12:48:05 +0000 2018,-0.6705,0.0,0.8,0.2,50
CNN,Comedian Amy Schumer and model-actress Emily Ratajkowski were among more than 300 people arrested Thursday in prote‚Ä¶ https://t.co/9YWB8VFqiz,Fri Oct 05 12:46:37 +0000 2018,-0.128,0.12,0.737,0.143,51
CNN,"""I actually got to eat my food while it was still hot!‚Äù: This incredibly kind Olive Garden waitress helped feed a f‚Ä¶ https://t.co/nPbwyDIcAl",Fri Oct 05 12:30:05 +0000 2018,0.6105,0.159,0.841,0.0,52
CNN,The 2018 Nobel Peace Prize has been awarded to Denis Mukwege and Nadia Murad for their efforts to end the use of se‚Ä¶ https://t.co/i6mLcecVZJ,Fri Oct 05 12:24:25 +0000 2018,0.8591,0.311,0.689,0.0,53
CNN,"Weeks of tumult and testimony, allegations and anger, pain and postponement over President Trump's Supreme Court no‚Ä¶ https://t.co/ZbJ453pOiA",Fri Oct 05 12:05:53 +0000 2018,-0.5267,0.141,0.586,0.273,54
CNN,"A two-year-old boy shredded more than $1,000 his parents had saved to pay a debt https://t.co/5lJyfNaxun https://t.co/9ToBKnrJOI",Fri Oct 05 12:02:19 +0000 2018,-0.0258,0.15,0.642,0.209,55
CNN,"Vitamin D supplements do not improve bone mineral density or prevent fractures or falls in adults, a large study fi‚Ä¶ https://t.co/ZB0m894LEx",Fri Oct 05 11:54:40 +0000 2018,-0.0274,0.152,0.737,0.111,56
CNN,A 23-year-old man has died after being bitten by a sea snake off the coast of Australia https://t.co/XTv2zkl8AW https://t.co/paAool51dK,Fri Oct 05 11:40:31 +0000 2018,-0.5574,0.0,0.816,0.184,57
CNN,"Nike has said it is ""deeply concerned"" by the rape allegation against Cristiano Ronaldo https://t.co/S8rZn7ZPiI https://t.co/NAjyzRrkUo",Fri Oct 05 11:25:10 +0000 2018,-0.6908,0.0,0.761,0.239,58
CNN,The Senate is set to take a procedural vote at 10:30 a.m. ET to end debate on the Brett Kavanaugh Supreme Court nom‚Ä¶ https://t.co/CUzlbDgiKh,Fri Oct 05 11:14:21 +0000 2018,0.5574,0.141,0.859,0.0,59
CNN,Fried lungs and deep-fried fatted skin? Dig into some Indonesian cuisine on an all-new #PartsUnknown with #Bourdain‚Ä¶ https://t.co/6R31RzGBsV,Fri Oct 05 11:00:40 +0000 2018,0.0,0.0,1.0,0.0,60
CNN,"5 things for Friday:

- Brett Kavanaugh
- Russian meddling
- Kidnapped schoolgirl
- Florida's red tide
- Nobel Peac‚Ä¶ https://t.co/9wd921PwTO",Fri Oct 05 11:00:09 +0000 2018,0.0,0.0,1.0,0.0,61
CNN,"At 106 (and 1/2), this doctor isn't slowing down https://t.co/U6DyYBy1P4 https://t.co/Clth8glg4o",Fri Oct 05 10:53:02 +0000 2018,0.0,0.0,1.0,0.0,62
CNN,"As vote looms, Kavanaugh makes final argument | Analysis by @CillizzaCNN https://t.co/HaRp3x5Cln https://t.co/gNcgRyXTq6",Fri Oct 05 10:45:17 +0000 2018,-0.4767,0.0,0.709,0.291,63
CNN,The 2018 Nobel Peace Prize has been awarded to Denis Mukwege and Nadia Murad for their efforts to end the use of se‚Ä¶ https://t.co/hAmnsB47QN,Fri Oct 05 10:29:46 +0000 2018,0.8591,0.311,0.689,0.0,64
CNN,"High-population cities have longer-lasting flu seasons, while lower-population cities have shorter but more intense‚Ä¶ https://t.co/nq9VfTbnyT",Fri Oct 05 10:18:51 +0000 2018,-0.2023,0.0,0.886,0.114,65
CNN,"RT @cnni: Denis Mukwege also won this year's #NobelPeacePrize. He is a doctor and gynecologist, who has long worked to treat thousands of w‚Ä¶",Fri Oct 05 10:02:22 +0000 2018,0.7506,0.234,0.766,0.0,66
CNN,"RT @cnni: One of the 2018 #NobelPeacePrize winners is Nadia Murad. A Yazidi woman from the Iraqi town of Sinjar, who was held as a sex slav‚Ä¶",Fri Oct 05 09:54:12 +0000 2018,0.4767,0.114,0.886,0.0,67
CNN,The 2018 Nobel Peace Prize has been awarded to Denis Mukwege and Nadia Murad for their efforts to end the use of se‚Ä¶ https://t.co/QmNTLfpF3W,Fri Oct 05 09:46:08 +0000 2018,0.8591,0.311,0.689,0.0,68
CNN,"Nike has said it is ""deeply concerned"" by the rape allegation against Cristiano Ronaldo https://t.co/35pvGcd8Ke https://t.co/WKv9UoNoLA",Fri Oct 05 09:25:03 +0000 2018,-0.6908,0.0,0.761,0.239,69
CNN,"JUST IN: The Nobel Peace Prize for 2018 has been won by Denis Mukwege and Nadia Murad, leading figures in the movem‚Ä¶ https://t.co/NOsLqwYOGi",Fri Oct 05 09:10:28 +0000 2018,0.8885,0.344,0.656,0.0,70
CNN,"RT @cnni: BREAKING: The Nobel Peace Prize for 2018 has been won by Denis Mukwege and Nadia Murad, leading figures in the movement to end se‚Ä¶",Fri Oct 05 09:09:43 +0000 2018,0.8885,0.313,0.687,0.0,71
CNN,A criminal probe has begun after hundreds of tons of human body parts and medical waste were allowed to build up at‚Ä¶ https://t.co/zMJR9wH0BM,Fri Oct 05 08:59:04 +0000 2018,-0.7351,0.0,0.763,0.237,72
CNN,A woman is being hailed a hero after confronting another woman who was criticizing two friends for speaking Spanish‚Ä¶ https://t.co/7MrC4DbwWY,Fri Oct 05 08:41:04 +0000 2018,0.6705,0.335,0.506,0.16,73
CNN,The Pentagon is set to release a report on Friday accusing China of seeking to undermine the US military's industri‚Ä¶ https://t.co/DLiI2VN34e,Fri Oct 05 08:34:03 +0000 2018,-0.4404,0.0,0.822,0.178,74
CNN,Samsung is powering toward record profits thanks in part to Apple's new iPhones https://t.co/goxND61Ds6,Fri Oct 05 08:24:01 +0000 2018,0.7003,0.326,0.674,0.0,75
CNN,Unilever has given up on a plan to move its headquarters out of the United Kingdom https://t.co/qkKcjQwoqI,Fri Oct 05 08:04:03 +0000 2018,0.4215,0.157,0.843,0.0,76
CNN,A man's vision changed dramatically after he took a gulp of a drug he bought online that is commonly used to treat‚Ä¶ https://t.co/yxb9MOy66c,Fri Oct 05 08:01:02 +0000 2018,0.25,0.095,0.905,0.0,77
CNN,Christine Blasey Ford is on the cover of this week's Time magazine. But it's not a photograph of Ford; it's an illu‚Ä¶ https://t.co/VlHTLYnvHP,Fri Oct 05 07:53:03 +0000 2018,0.0,0.0,1.0,0.0,78
CNN,Retired Supreme Court Justice John Paul Stevens said SCOTUS nominee Brett Kavanaugh does not belong on the nation's‚Ä¶ https://t.co/yTEpyyv0gP,Fri Oct 05 07:46:00 +0000 2018,0.7906,0.292,0.708,0.0,79
CNN,"High-population cities have longer-lasting flu seasons, while lower-population cities have shorter but more intense‚Ä¶ https://t.co/XZBeW3x54u",Fri Oct 05 07:31:06 +0000 2018,-0.2023,0.0,0.886,0.114,80
CNN,The Renault EZ-Ultimo is an autonomous concept car designed to shuttle occupants around in luxury.‚Ä¶ https://t.co/hrkBnrt5eH,Fri Oct 05 07:16:00 +0000 2018,0.0,0.0,1.0,0.0,81
CNN,"Ireland passed a landmark bill aimed at reducing alcohol consumption on Wednesday, following more than 1,000 days o‚Ä¶ https://t.co/87eUGeOEV5",Fri Oct 05 07:01:04 +0000 2018,0.0772,0.071,0.929,0.0,82
CNN,"Birds in Gilbert, Minnesota, are flying into windshields, bumping into trees and looking mighty disoriented. Police‚Ä¶ https://t.co/T9TP6GkYYf",Fri Oct 05 06:46:07 +0000 2018,-0.3612,0.0,0.865,0.135,83
CNN,"Albert Einstein's famous ""God Letter"" is expected to fetch at least $1 million when it goes up for auction in Decem‚Ä¶ https://t.co/itkkbeVvKG",Fri Oct 05 06:31:06 +0000 2018,0.2732,0.091,0.909,0.0,84
CNN,"The A45 tiny home, designed by world-renowned architect Bjarke Ingels, features high-end details on the smallest sc‚Ä¶ https://t.co/ikWSXeiRnn",Fri Oct 05 06:16:00 +0000 2018,0.0,0.0,1.0,0.0,85
CNN,"A year after Cassini ended its 20-year mission to study Saturn, the last data the spacecraft recorded before plungi‚Ä¶ https://t.co/LxbfqvsVOn",Fri Oct 05 06:01:02 +0000 2018,0.0,0.0,1.0,0.0,86
CNN,"West Virginia Democratic congressional candidate Richard Ojeda: ""I'm a real Democrat"" https://t.co/4Ens2wOnCo https://t.co/fuudwI3a9f",Fri Oct 05 05:46:00 +0000 2018,0.0,0.0,1.0,0.0,87
CNN,The commercial success of virtual reality may depend on being able to make real human connections on VR platforms.‚Ä¶ https://t.co/vRLJf0ez38,Fri Oct 05 05:31:04 +0000 2018,0.5719,0.163,0.837,0.0,88
CNN,"Brett Kavanaugh, with the clock ticking down to the end of the most politicized Supreme Court confirmation battle i‚Ä¶ https://t.co/rQAlTXv5cy",Fri Oct 05 05:28:04 +0000 2018,0.3134,0.158,0.735,0.106,89
CNN,"An eight-year-old girl has discovered a pre-Viking-era sword in a Swedish lake, prompting locals to name her the ""Q‚Ä¶ https://t.co/DNMRo1fvHR",Fri Oct 05 05:16:54 +0000 2018,0.0,0.0,1.0,0.0,90
CNN,"""Jeopardy!"" host Alex Trebek issued an apology after he added his own jokes while moderating the Pennsylvania guber‚Ä¶ https://t.co/238Z6MuroD",Fri Oct 05 05:16:00 +0000 2018,0.3595,0.17,0.83,0.0,91
CNN,"Amazon giveth and Amazon taketh away.

The company is raising its minimum wage to $15 an hour for all US employees.‚Ä¶ https://t.co/pu69KpPDkT",Fri Oct 05 05:01:03 +0000 2018,0.34,0.145,0.855,0.0,92
CNN,Hershey has a super secret chocolate lab where all its products get dreamed up. Go inside: https://t.co/qarEkoqH7C https://t.co/08Krw7iC5V,Fri Oct 05 04:46:00 +0000 2018,0.5994,0.196,0.804,0.0,93
CNN,Comedian Amy Schumer and model-actress Emily Ratajkowski were among those arrested Thursday in protests over Suprem‚Ä¶ https://t.co/83zy0tQowD,Fri Oct 05 04:36:01 +0000 2018,-0.34,0.12,0.648,0.231,94
CNN,Myth of bipartisanship takes another beating during the Kavanaugh probe drama | Analysis by CNN's Gregory Krieg‚Ä¶ https://t.co/v2BwQfZhnq,Fri Oct 05 04:31:04 +0000 2018,-0.4588,0.0,0.842,0.158,95
CNN,"China accused US Vice President Mike Pence of slandering the country with ""baseless"" allegations, after he delivere‚Ä¶ https://t.co/7vCZaLIVbs",Fri Oct 05 04:21:52 +0000 2018,-0.296,0.0,0.885,0.115,96
CNN,"NYC to Boston in 36 minutes? Transcend Air has plans for a jet-fast plane that takes off and lands vertically, allo‚Ä¶ https://t.co/cDTW9GvrTf",Fri Oct 05 04:16:00 +0000 2018,0.0,0.0,1.0,0.0,97
CNN,Christine Blasey Ford is on the cover of this week's Time magazine. But it's not a photograph of Ford; it's an illu‚Ä¶ https://t.co/nOOE96Ml8y,Fri Oct 05 04:01:06 +0000 2018,0.0,0.0,1.0,0.0,98
CNN,What Kavanaugh's confirmation would mean | Analysis by @CillizzaCNN https://t.co/aJGzMLud61 https://t.co/xLrpadrdMN,Fri Oct 05 03:46:02 +0000 2018,0.0,0.0,1.0,0.0,99
CNN,A horrific childhood in China inspired this woman's crusade against homelessness https://t.co/XJuruHVq6X https://t.co/fPylSlbL6I,Fri Oct 05 03:31:06 +0000 2018,-0.296,0.182,0.568,0.25,100
FoxNews,".@SenatorCollins on Kavanaugh nomination: ""I've never considered the president's identity or party when evaluating‚Ä¶ https://t.co/t8smrq4vFM",Fri Oct 05 19:31:04 +0000 2018,0.4019,0.162,0.838,0.0,1
FoxNews,".@SenatorCollins on Kavanaugh nomination: ""Our Supreme Court confirmation process has been in steady decline for mo‚Ä¶ https://t.co/o85eAsd0EJ",Fri Oct 05 19:27:40 +0000 2018,0.5574,0.184,0.816,0.0,2
FoxNews,".@SenatorCollins on Kavanaugh nomination: ""Interest groups have also spent an unprecedented amount of dark money op‚Ä¶ https://t.co/hy3ZG1cItf",Fri Oct 05 19:24:50 +0000 2018,0.4588,0.158,0.842,0.0,3
FoxNews,".@SenatorCollins on Kavanaugh nomination: ""A number of senators joined the race to announce their opposition, but t‚Ä¶ https://t.co/rnhvzzYih1",Fri Oct 05 19:22:15 +0000 2018,0.0387,0.063,0.937,0.0,4
FoxNews,".@SenatorCollins on Kavanaugh nomination: ""The president nominated Brett Kavanaugh on July 9. Within moments of tha‚Ä¶ https://t.co/ygwskK2PZA",Fri Oct 05 19:18:10 +0000 2018,0.0,0.0,1.0,0.0,5
FoxNews,".@SenatorCollins on Kavanaugh nomination: ""Today we have come to the conclusion of a confirmation process that has‚Ä¶ https://t.co/6YGs1eOaVe",Fri Oct 05 19:15:06 +0000 2018,0.0,0.0,1.0,0.0,6
FoxNews,.@SenatorCollins announces decision on Judge Kavanaugh https://t.co/tO9cA1sX5Z,Fri Oct 05 19:07:37 +0000 2018,0.0,0.0,1.0,0.0,7
FoxNews,BREAKING: Chicago police officer found guilty of second-degree murder of black teenager Laquan McDonald https://t.co/1BPgtoXFvF,Fri Oct 05 18:59:12 +0000 2018,-0.8176,0.0,0.634,0.366,8
FoxNews,"Suspected Senate Doxxer had secret Twitter account repeatedly attacking GOP, Kavanaugh https://t.co/GTaMT8fIRl",Fri Oct 05 18:55:16 +0000 2018,-0.5994,0.0,0.671,0.329,9
FoxNews,".@donnabrazile: ‚ÄúNow that we‚Äôve heard from Dr. Ford and many others, we‚Äôve heard Mr. Kavanaugh‚Äôs response. I think‚Ä¶ https://t.co/Om0XNy7Dkf",Fri Oct 05 18:47:08 +0000 2018,0.0,0.0,1.0,0.0,10
FoxNews,.@donnabrazile: ‚Äú[Millennial women] want to be heard.‚Äù https://t.co/h7r3fZXg4Y,Fri Oct 05 18:40:41 +0000 2018,0.0772,0.157,0.843,0.0,11
FoxNews,‚ÄòJersey Shore‚Äô star Mike ‚ÄòThe Situation‚Äô Sorrentino sentenced to 8 months for tax evasion https://t.co/I7tEBC7Ced,Fri Oct 05 18:32:49 +0000 2018,-0.0258,0.0,0.922,0.078,12
FoxNews,"Senate votes 51 to 49, 3 of 4 key senators vote ‚Äúyes‚Äù to advance Kavanaugh nomination https://t.co/RYjqte19Tw https://t.co/ms3obcgDOe",Fri Oct 05 18:27:16 +0000 2018,0.0,0.0,1.0,0.0,13
FoxNews,JUST IN: Verdict reached in case of Chicago police officer who fatally shot black teenager Laquan McDonald https://t.co/1BPgtoXFvF,Fri Oct 05 18:13:56 +0000 2018,-0.4939,0.135,0.676,0.189,14
FoxNews,"Kavanaugh allegations thrust Ford's friend, Monica McLean, into spotlight: What to know https://t.co/QegqoVJ0k1",Fri Oct 05 17:58:03 +0000 2018,0.4939,0.211,0.789,0.0,15
FoxNews,Steven Mulroy: ‚ÄúI think it‚Äôs also important for the FBI to disclose to any judge‚Ä¶that the source of the information‚Ä¶ https://t.co/aOMcUjhW8y,Fri Oct 05 17:49:31 +0000 2018,0.2023,0.083,0.917,0.0,16
FoxNews,"Lawyer for Clinton campaign and DNC gave FBI documents for Russia probe, sources say https://t.co/zR8dZsXMKq https://t.co/3HsF65simg",Fri Oct 05 17:44:40 +0000 2018,0.0,0.0,1.0,0.0,17
FoxNews,".@SenJohnThune: ‚ÄúWe will know one way or the other for sure, for certain, by tomorrow afternoon whether or not Judg‚Ä¶ https://t.co/95QkdqRTbT",Fri Oct 05 17:38:08 +0000 2018,0.5267,0.188,0.812,0.0,18
FoxNews,OPINION: Judge Kavanaugh should become Supreme Court Justice Kavanaugh ‚Äì Here‚Äôs why https://t.co/Yh9gSIl9lN,Fri Oct 05 17:37:40 +0000 2018,0.7906,0.412,0.588,0.0,19
FoxNews,".@SenJohnThune: ‚ÄúWe‚Äôre going to get this vote tomorrow, and I think we‚Äôre going to get this judge confirmed.‚Äù‚Ä¶ https://t.co/NkNUoYLe74",Fri Oct 05 17:34:07 +0000 2018,0.0,0.0,1.0,0.0,20
FoxNews,.@PressSec: ‚ÄúThe president has had an incredibly successful first two years in office.‚Äù #OutnumberedOT https://t.co/rfIPuOvrox,Fri Oct 05 17:22:15 +0000 2018,0.624,0.226,0.774,0.0,21
FoxNews,.@PressSec: ‚ÄúI‚Äôm surprised more Democrats aren‚Äôt supporting Judge Kavanaugh.‚Äù #OutnumberedOT https://t.co/z536n5KqVl,Fri Oct 05 17:18:46 +0000 2018,0.6204,0.36,0.64,0.0,22
FoxNews,.@PressSec: ‚ÄúWe‚Äôve been in constant contact with a number of Senators since this process began and we‚Äôre going to c‚Ä¶ https://t.co/55SmIFJnOX,Fri Oct 05 17:14:04 +0000 2018,0.0772,0.064,0.936,0.0,23
FoxNews,.@PressSec: ‚ÄúWe feel great about where we are right now. Obviously we would love to see all 100 Senators get behind‚Ä¶ https://t.co/I55wzynVO1,Fri Oct 05 17:08:34 +0000 2018,0.8519,0.293,0.707,0.0,24
FoxNews,"All eyes on Murkowski, Collins, Flake and Manchin as Senate barrels toward final Kavanaugh vote https://t.co/RYjqte19Tw",Fri Oct 05 16:59:28 +0000 2018,0.0,0.0,1.0,0.0,25
FoxNews,".@KennedyNation: ‚ÄúI feel like our system is so broken, this two-party system, unfortunately we need more parties.‚Äù‚Ä¶ https://t.co/VtUEyepfn8",Fri Oct 05 16:48:47 +0000 2018,-0.5982,0.105,0.628,0.268,26
FoxNews,"RT @FoxNewsInsider: TUNE IN, 1:00pm ET: @PressSec Sarah Sanders joins @HARRISFAULKNER on @OutnumberedOT to discuss the looming Kavanaugh co‚Ä¶",Fri Oct 05 16:47:03 +0000 2018,-0.128,0.0,0.923,0.077,27
FoxNews,Retired Justice John Paul Stevens calls Kavanaugh's temperament disqualifying: 'Senators should pay attention to th‚Ä¶ https://t.co/Qdg28AxGlv,Fri Oct 05 16:22:01 +0000 2018,0.4588,0.181,0.745,0.074,28
FoxNews,Senate Advances Kavanaugh Nomination: Wallace Says Final Confirmation Remains on a 'Razor's Edge' https://t.co/Qdd3Afn249,Fri Oct 05 16:17:15 +0000 2018,0.0,0.0,1.0,0.0,29
FoxNews,"Tim O‚ÄôBrien: ‚ÄúThere‚Äôs a lot of talk about Judge Kavanaugh being a 5th vote to overrule Roe versus Wade, I see that‚Ä¶ https://t.co/IQMqZO45ef",Fri Oct 05 15:51:38 +0000 2018,0.0,0.0,1.0,0.0,30
FoxNews,.@HawleyMO: ‚ÄúTo see Senator McCaskill vote no this morning to advance the nomination is extremely disappointing.‚Äù https://t.co/2Lze2FBrdN,Fri Oct 05 15:39:04 +0000 2018,-0.296,0.0,0.879,0.121,31
FoxNews,"RT @FoxBusiness: Kudlow: ""China does not play by the rules, they haven't for about 20 years."" https://t.co/LUcvgK4LdV",Fri Oct 05 15:31:15 +0000 2018,-0.2584,0.0,0.887,0.113,32
FoxNews,"RT @FoxBusiness: Kudlow on #JobsReport: ""It's very bullish for the future."" https://t.co/l06w3wiUmP",Fri Oct 05 15:30:57 +0000 2018,0.0,0.0,1.0,0.0,33
FoxNews,"JUST IN: The White House believes it has the votes to confirm Judge Brett Kavanaugh to the Supreme Court, a source‚Ä¶ https://t.co/cplKONCoqH",Fri Oct 05 15:26:48 +0000 2018,0.5574,0.153,0.847,0.0,34
FoxNews,"Senate narrowly votes to advance Kavanaugh nomination as 3 of 4 key senators vote yes, setting up final vote for Sa‚Ä¶ https://t.co/kX1OwEPcrf",Fri Oct 05 14:57:29 +0000 2018,0.4019,0.124,0.876,0.0,35
FoxNews,"BREAKING: Senate narrowly votes to advance Kavanaugh nomination as 3 of 4 key senators vote yes, setting up final v‚Ä¶ https://t.co/QUPrx09qnS",Fri Oct 05 14:56:17 +0000 2018,0.4019,0.13,0.87,0.0,36
FoxNews,Trump's Supreme Court pick needs Senate approval: A look at the confirmation process https://t.co/Wghn8C8GpE,Fri Oct 05 14:51:07 +0000 2018,0.7717,0.379,0.621,0.0,37
FoxNews,.@lisamurkowski votes against advancing Kavanaugh nomination https://t.co/6cylSv3CkQ,Fri Oct 05 14:47:05 +0000 2018,0.0,0.0,1.0,0.0,38
FoxNews,.@Sen_JoeManchin votes to advance Kavanaugh nomination https://t.co/nZl2bN9Ih8,Fri Oct 05 14:46:31 +0000 2018,0.0,0.0,1.0,0.0,39
FoxNews,Tune in to Fox News Channel for continuing coverage of the Kavanaugh confirmation.,Fri Oct 05 14:42:09 +0000 2018,0.0,0.0,1.0,0.0,40
FoxNews,Senate holding key vote on Kavanaugh nomination for Supreme Court https://t.co/cTBbLdWgjb,Fri Oct 05 14:39:22 +0000 2018,0.5574,0.265,0.735,0.0,41
FoxNews,Full Senate begins taking crucial procedural vote on Brett Kavanaugh‚Äôs Supreme Court confirmation vote https://t.co/1kkoZTfRxD,Fri Oct 05 14:37:44 +0000 2018,0.5574,0.205,0.795,0.0,42
FoxNews,.@SenSchumer: ‚ÄúWe can salvage some decency here at the end.‚Äù https://t.co/7aA5RNJuH7 https://t.co/v0nFiZGnWf,Fri Oct 05 14:25:34 +0000 2018,0.0,0.0,1.0,0.0,43
FoxNews,.@SenSchumer: ‚ÄúJudge Kavanaugh falls woefully short of what Americans expect and deserve in a Supreme Court Justice‚Ä¶ https://t.co/jcLPCZqFSl,Fri Oct 05 14:22:26 +0000 2018,0.2263,0.169,0.704,0.127,44
FoxNews,".@SenSchumer: ‚ÄúWhy most Democrats opposed his nomination at the outset feels like ancient history now, but let us n‚Ä¶ https://t.co/XoTDyMNR23",Fri Oct 05 14:19:47 +0000 2018,0.1901,0.084,0.916,0.0,45
FoxNews,".@SenSchumer: ‚ÄúI don‚Äôt blame [the Republicans], they have a flawed nominee. They don‚Äôt want the focus on the nomine‚Ä¶ https://t.co/AlFx8RqQ5h",Fri Oct 05 14:17:01 +0000 2018,-0.2732,0.063,0.821,0.116,46
FoxNews,".@SenSchumer: ‚ÄúOur Republican friends blame us for this process, they‚Äôre always finding a straw man, but nothing co‚Ä¶ https://t.co/5P4gRT2C5n",Fri Oct 05 14:14:55 +0000 2018,0.09,0.104,0.81,0.086,47
FoxNews,".@SenFeinstein: ""We‚Äôre here to determine whether Judge Kavanaugh has demonstrated the impartiality, the temperament‚Ä¶ https://t.co/928BpFSlM7",Fri Oct 05 14:07:13 +0000 2018,0.0,0.0,1.0,0.0,48
FoxNews,".@SenFeinstein: ""At the hearing last week, we saw a man filled with anger and aggression.‚Äù https://t.co/7aA5RNJuH7 https://t.co/pc9FtxbpG8",Fri Oct 05 14:03:21 +0000 2018,-0.5719,0.0,0.802,0.198,49
FoxNews,".@ChuckGrassley: ‚ÄúIt was only fair that [Judge Kavanaugh‚Äôs] accuser have the burden of proof. The consensus is, tha‚Ä¶ https://t.co/Kxg8BKNdtf",Fri Oct 05 13:53:58 +0000 2018,-0.1531,0.104,0.766,0.131,50
FoxNews,".@ChuckGrassley: ‚ÄúThis amounts to more written questions submitted to this nominee, after a hearing, than to all Su‚Ä¶ https://t.co/N1TwiRWVhb",Fri Oct 05 13:50:33 +0000 2018,0.0,0.0,1.0,0.0,51
FoxNews,.@ChuckGrassley:  ‚ÄúI oversaw the most transparent confirmation process in Senate history.‚Äù https://t.co/7aA5RNJuH7 https://t.co/bPDxGxTiXr,Fri Oct 05 13:43:59 +0000 2018,0.0,0.0,1.0,0.0,52
FoxNews,.@ChuckGrassley: ‚ÄúThis should have been a respectable and dignified confirmation process.‚Äù https://t.co/apfJaul2xR,Fri Oct 05 13:39:52 +0000 2018,0.7269,0.404,0.596,0.0,53
FoxNews,"Tom Dupree: ‚ÄúI think if you‚Äôre in Judge Kavanaugh‚Äôs position right now, you have to be feeling pretty optimistic.‚Äù https://t.co/1yKBSZJdqv",Fri Oct 05 13:34:52 +0000 2018,0.5719,0.207,0.793,0.0,54
FoxNews,Full Senate convenes ahead of crucial procedural vote on Brett Kavanaugh‚Äôs Supreme Court confirmation vote. https://t.co/1kkoZTfRxD,Fri Oct 05 13:34:52 +0000 2018,0.5574,0.194,0.806,0.0,55
FoxNews,".@HolmesJosh: ‚ÄúI think ultimately Republican Senators are going to support his nomination, and at some point this w‚Ä¶ https://t.co/B6V75VdOCb",Fri Oct 05 13:17:26 +0000 2018,0.4019,0.13,0.87,0.0,56
FoxNews,".@FLOTUS with Margaret Kenyatta, Kenya's first lady, pets a baby elephant the at David Sheldrick Elephant &amp; Rhino O‚Ä¶ https://t.co/IxVz1CPlDs",Fri Oct 05 13:10:26 +0000 2018,0.0,0.0,1.0,0.0,57
FoxNews,".@AlanDersh: ‚ÄúThe court will be changed, that‚Äôs the reality of a presidential election.‚Äù https://t.co/oTHAaS3If0",Fri Oct 05 12:58:16 +0000 2018,0.0,0.0,1.0,0.0,58
FoxNews,"RT @FoxBusiness: BREAKING NEWS: The U.S. economy added 134,000 jobs in September below analysts' expectations while the unemployment rate w‚Ä¶",Fri Oct 05 12:46:44 +0000 2018,-0.4404,0.0,0.868,0.132,59
FoxNews,"RT @FoxBusiness: BREAKING NEWS: 134,000 jobs added in September's #JobsReport, unemployment at 3.7% https://t.co/DQCI2wTQmK",Fri Oct 05 12:46:30 +0000 2018,-0.4404,0.0,0.818,0.182,60
FoxNews,.@FLOTUS feeds baby elephants in Kenya as visit focuses on wildlife conservation https://t.co/xZ5ibwEGp3,Fri Oct 05 12:34:56 +0000 2018,0.0,0.0,1.0,0.0,61
FoxNews,".@GeraldoRivera: ‚ÄúElections have consequences. Donald Trump won the election, he gets the right to nominate the can‚Ä¶ https://t.co/ccSE36xZFK",Fri Oct 05 12:13:20 +0000 2018,0.5719,0.179,0.821,0.0,62
FoxNews,Two-Year-Old Girl Helps Dad Learn 'Pledge of Allegiance' for Citizenship Test https://t.co/F0OOHwwMOx,Fri Oct 05 12:05:43 +0000 2018,0.3818,0.191,0.809,0.0,63
FoxNews,".@KellyannePolls: ‚ÄúThe process has been thorough, it‚Äôs gone on much longer and much deeper than any Supreme Court J‚Ä¶ https://t.co/IpGDXcFyLu",Fri Oct 05 11:47:17 +0000 2018,0.5574,0.159,0.841,0.0,64
FoxNews,.@ChuckGrassley: ‚ÄúWe here on Capitol Hill have to set an example for civility.‚Äù https://t.co/ZyKqBIPczH,Fri Oct 05 11:38:31 +0000 2018,0.0,0.0,1.0,0.0,65
FoxNews,.@ChuckGrassley: ‚ÄúI‚Äôve been trying to have a fair and thorough and open hearing and I think we have done exactly th‚Ä¶ https://t.co/9EWFQ8FF1i,Fri Oct 05 11:36:08 +0000 2018,0.3182,0.108,0.892,0.0,66
FoxNews,".@STEPHMHAMILL: ‚ÄúAt the end of the day, this has nothing to do with Judge Brett Kavanaugh. This is all about resist‚Ä¶ https://t.co/65GncQ5ndQ",Fri Oct 05 11:22:16 +0000 2018,0.0,0.0,1.0,0.0,67
FoxNews,Beto O'Rourke: 'Don't think we're interested' in an Obama endorsement https://t.co/Cn9ORg5IFl https://t.co/UqnXYwxWRK,Fri Oct 05 11:17:45 +0000 2018,0.0108,0.158,0.687,0.155,68
FoxNews,Denis Mukwege and Nadia Murad have been named winners of the 2018 Nobel Peace Prize. https://t.co/tv3NoYX8qw https://t.co/WXggYyPp1b,Fri Oct 05 11:06:07 +0000 2018,0.872,0.414,0.586,0.0,69
FoxNews,Sailors aboard the amphibious dock landing ship USS Ashland (LSD 48) and Marines attached to the 31st Marine Expedi‚Ä¶ https://t.co/XZIDO5gbFS,Fri Oct 05 10:52:00 +0000 2018,0.0258,0.055,0.945,0.0,70
FoxNews,"In an op-ed for @WSJ, Judge Brett Kavanaugh addressed his testimony to the Senate Judiciary Committee last week, sa‚Ä¶ https://t.co/ihOL5DcEbF",Fri Oct 05 10:45:00 +0000 2018,0.0,0.0,1.0,0.0,71
FoxNews,Melania Trump feeds baby elephants in Kenya as visit focuses on wildlife conservation https://t.co/qGgPrvqC6L,Fri Oct 05 10:30:00 +0000 2018,0.0,0.0,1.0,0.0,72
FoxNews,Comedian @amyschumer raises her fist after she was reportedly arrested during a protest against the confirmation of‚Ä¶ https://t.co/YMYlixsTwe,Fri Oct 05 10:15:00 +0000 2018,-0.3612,0.12,0.645,0.235,73
FoxNews,.@CarleyShimkus is live with the ‚ÄòFox News Update‚Äô on Facebook Watch: https://t.co/hNrB8xzepH https://t.co/LvNvj7sh2w,Fri Oct 05 10:11:10 +0000 2018,0.0,0.0,1.0,0.0,74
FoxNews,"Hairstylist seen in video kicking pro-life demonstrator loses job, may face charges https://t.co/VM49YIK6Je",Fri Oct 05 10:07:00 +0000 2018,-0.5267,0.0,0.714,0.286,75
FoxNews,.@BoydMatheson: ‚ÄúThe important thing for all of us to recognize is that this has become so political because Congre‚Ä¶ https://t.co/hVNzCNfqFj,Fri Oct 05 09:58:00 +0000 2018,0.2023,0.087,0.913,0.0,76
FoxNews,".@RochelleRitchie: ‚ÄúSometimes you‚Äôve gotta show tough love to your own party, and right now, the chaos that we‚Äôre s‚Ä¶ https://t.co/GNVfOm7D7E",Fri Oct 05 09:54:00 +0000 2018,0.4019,0.246,0.569,0.185,77
FoxNews,"Employee stole $400G, squandered it on strippers, sports tickets, authorities say https://t.co/JGCqgVukOf",Fri Oct 05 09:48:00 +0000 2018,0.0,0.0,1.0,0.0,78
FoxNews,"Chad Jenkins on FBI probe into Kavanaugh: ‚ÄúIf it‚Äôs not firsthand information, then it‚Äôs hearsay, and it‚Äôs not appli‚Ä¶ https://t.co/UmuD65Mzo5",Fri Oct 05 09:44:00 +0000 2018,0.0,0.0,1.0,0.0,79
FoxNews,6.5 million pounds of beef recalled in salmonella outbreak @FoxFriendsFirst https://t.co/RAK7mgs781 https://t.co/LaaEGc4Dzs,Fri Oct 05 09:37:00 +0000 2018,0.0,0.0,1.0,0.0,80
FoxNews,"Jim McLaughlin on Republican midterms enthusiasm: ‚ÄúThis is the issue, the Kavanaugh hearings, that‚Äôve brought both‚Ä¶ https://t.co/5tTYnSOS2T",Fri Oct 05 09:30:00 +0000 2018,0.4404,0.153,0.847,0.0,81
FoxNews,Protesters slam Kavanaugh at D.C. rally @FoxFriendsFirst https://t.co/onxMyJtzto,Fri Oct 05 09:25:00 +0000 2018,-0.5423,0.0,0.571,0.429,82
FoxNews,BREAKING: Nobel Peace Prize honors efforts to combat sexual violence in war https://t.co/FxNgJmxzct,Fri Oct 05 09:22:28 +0000 2018,-0.0772,0.367,0.255,0.378,83
FoxNews,Republican strategist Tony Lazzaro: ‚ÄúDemocrats have really said all we need to know about what their motives are. W‚Ä¶ https://t.co/iTxAq2N4TM,Fri Oct 05 09:20:00 +0000 2018,0.0,0.0,1.0,0.0,84
FoxNews,"Girl, 8, discovers 1,500-year-old Viking sword in Swedish lake https://t.co/jaIpNNlPQc",Fri Oct 05 09:15:00 +0000 2018,0.0,0.0,1.0,0.0,85
FoxNews,"Democratic strategist Michael Tobman on Kavanaugh questioning: ‚ÄúBoth parties, Democrat and Republican, have scored‚Ä¶ https://t.co/QVR6Qewz0w",Fri Oct 05 09:11:00 +0000 2018,0.3182,0.158,0.76,0.082,86
FoxNews,Written questions answered by SCOTUS nominees @FoxFriendsFirst https://t.co/R5tYTXo57k,Fri Oct 05 09:05:00 +0000 2018,0.0,0.0,1.0,0.0,87
FoxNews,President @realDonaldTrump slams Dems at Minnesota rally @FoxFriendsFirst https://t.co/hfT7PyXCdE,Fri Oct 05 09:00:00 +0000 2018,0.0,0.0,1.0,0.0,88
FoxNews,"Partisans predictably praise, pummel FBI's Kavanaugh probe https://t.co/GLhVjCZSYk",Fri Oct 05 08:54:00 +0000 2018,0.5574,0.34,0.66,0.0,89
FoxNews,Retired FBI Special Agent Greg Shaffer on Kavanaugh: ‚ÄúThere‚Äôs absolutely zero corroboration of any of the allegatio‚Ä¶ https://t.co/gt06m8Re4w,Fri Oct 05 08:48:00 +0000 2018,0.4019,0.137,0.863,0.0,90
FoxNews,Kavanaugh fights back in WSJ op-ed https://t.co/gXP7zc0Hay @FoxFriendsFirst https://t.co/bUj28x8p2f,Fri Oct 05 08:42:00 +0000 2018,-0.4019,0.0,0.748,0.252,91
FoxNews,Lady Gaga says Kavanaugh accuser decided to 'protect the country' https://t.co/gvRzjoDeYG,Fri Oct 05 08:37:00 +0000 2018,0.3818,0.206,0.794,0.0,92
FoxNews,"Nearly 300 protesters arrested in overnight anti-Kavanaugh protests in Washington, D.C. https://t.co/Z8K7utbmGM‚Ä¶ https://t.co/OcmPw3EGHz",Fri Oct 05 08:30:00 +0000 2018,-0.7096,0.0,0.592,0.408,93
FoxNews,Former South Korean president gets 15-year term for corruption https://t.co/RoLuXRbXpK,Fri Oct 05 08:22:00 +0000 2018,0.0,0.0,1.0,0.0,94
FoxNews,.@SteveDaines: ‚ÄúMy goal this weekend is to walk my daughter down the aisle and to see a new United States Supreme C‚Ä¶ https://t.co/MexXWJQEVz,Fri Oct 05 08:15:00 +0000 2018,0.7506,0.242,0.758,0.0,95
FoxNews,.@realDonaldTrump: I fixed NFL‚Äôs Super Bowl problem in ‚Äòtwo minutes‚Äô https://t.co/IPkmt31idt,Fri Oct 05 08:08:00 +0000 2018,0.296,0.267,0.548,0.185,96
FoxNews,".@TuckerCarlson: ""Win or lose, Kavanaugh's nomination will be voted on."" https://t.co/WKpTgBosz5",Fri Oct 05 08:01:00 +0000 2018,0.2732,0.245,0.581,0.174,97
FoxNews,Whale watchers witnessed a spectacular sight Wednesday of a humpback whale breaching with a glowing rainbow behind‚Ä¶ https://t.co/sOBDzVYtWd,Fri Oct 05 07:45:00 +0000 2018,0.0,0.0,1.0,0.0,98
FoxNews,Reputed mobster gunned down at McDonald‚Äôs drive-thru https://t.co/kD89Q58cDY,Fri Oct 05 07:37:00 +0000 2018,0.0,0.0,1.0,0.0,99
FoxNews,"President @realDonaldTrump: ""We're replacing the job-killing disaster known as NAFTA with a brand-new, U.S.-Mexico-‚Ä¶ https://t.co/5suVGEBjqE",Fri Oct 05 07:30:02 +0000 2018,-0.6249,0.0,0.76,0.24,100
BBC,"Follow some of the debt counsellors working for Christians Against Poverty.

The Debt Saviours | 9pm | @BBCTwo |‚Ä¶ https://t.co/t0c5uwl4jk",Fri Oct 05 19:04:05 +0000 2018,-0.8074,0.0,0.644,0.356,1
BBC,üí™üêî Check out these miniature chicken bodybuilders. https://t.co/rfRrfZMVkM,Fri Oct 05 18:08:03 +0000 2018,0.0,0.0,1.0,0.0,2
BBC,John Humphrys presents the first heat of the series as the hunt for the nation's Mastermind gets back underway.‚Ä¶ https://t.co/hQdf779Yeo,Fri Oct 05 17:03:08 +0000 2018,0.0,0.0,1.0,0.0,3
BBC,FACT: Britons can only let go emotionally when a barmaid breaks some glasses... üòÇ #TheMashReport https://t.co/Hk2tqQv8WR,Fri Oct 05 16:05:04 +0000 2018,0.0,0.0,1.0,0.0,4
BBC,"RT @1Xtra: .@RayBLK_'s #LiveLounge cover of 'A Natural Woman' for #BackHistoryMonth was just incredible.  

Full video üëâüèø https://t.co/6TNL‚Ä¶",Fri Oct 05 15:32:37 +0000 2018,0.3612,0.128,0.872,0.0,5
BBC,"RT @BBCWales: üòÇ Best global marketing campaign ever? 

üÜï #FestivalofFunny comedy: #TouristTrap 
‚≠êÔ∏è @MikeBubbins, @MariBarf, @SallyEPhillips‚Ä¶",Fri Oct 05 14:06:12 +0000 2018,0.7717,0.358,0.642,0.0,6
BBC,"RT @BBCWales: The new tourism head honcho for Wales gets hands on as she learns all about making love...spoons. üòÜ

üÜï Comedy: #TouristTrap‚Ä¶",Fri Oct 05 14:06:04 +0000 2018,0.3612,0.111,0.889,0.0,7
BBC,"RT @BBCWales: üòÆWE JUST DROPPED ALL OF #TOURISTTRAP ON @BBCIPLAYER. 

‚ú®WATCH EVERY EPISODE HERE üëâ https://t.co/kOmZRWZt8D

üëçHAPPY FRIDAY! #F‚Ä¶",Fri Oct 05 13:55:03 +0000 2018,0.0,0.0,1.0,0.0,8
BBC,"'I hid my baby from social services in case they took it away.'
üëâ https://t.co/GzIQQwypFT https://t.co/2m4sqlGogP",Fri Oct 05 13:02:07 +0000 2018,-0.1027,0.0,0.909,0.091,9
BBC,"Raoul the turtle had a lucky escape after getting tangled in plastic waste. üê¢

#Mediterranean with @simon_reeve sta‚Ä¶ https://t.co/naQPqpDwpy",Fri Oct 05 12:33:00 +0000 2018,0.1779,0.211,0.657,0.131,10
BBC,"üê¨ This woman taught a dolphin to speak English. 

üîà Sound up for this one‚Ä¶  https://t.co/wck12UVoRr",Fri Oct 05 12:03:07 +0000 2018,0.0,0.0,1.0,0.0,11
BBC,"Why does everybody love moth memes?

It's the one-sided love story that we can all relate to...
üëâ‚Ä¶ https://t.co/55Oz8ULaX3",Fri Oct 05 11:03:05 +0000 2018,0.8555,0.331,0.669,0.0,12
BBC,"RT @BBCTwo: We literally can't get enough of @donaldglover's amazing smile. üòÅüòÅ #Atlanta #WorldSmileDay
https://t.co/ovzKcY0pKg",Fri Oct 05 10:00:25 +0000 2018,0.743,0.326,0.674,0.0,13
BBC,"The Nobel Peace Prize has been awarded to campaigners against rape in warfare Nadia Murad and Denis Mukwege. 
üëâ‚Ä¶ https://t.co/getpPN0hD9",Fri Oct 05 09:32:19 +0000 2018,0.3818,0.303,0.478,0.22,14
BBC,RT @BBC_Teach: It‚Äôs #WorldTeachersDay üë©üè´ so to celebrate we're inviting you to upload a video of yourself singing &amp; dancing along to one of‚Ä¶,Fri Oct 05 09:27:55 +0000 2018,0.7414,0.23,0.77,0.0,15
BBC,"The quest for extreme selfies killed 259 people between 2011 and 2017, a 2018 global study has revealed.
üëâ‚Ä¶ https://t.co/uojB5RWAf2",Fri Oct 05 09:08:05 +0000 2018,-0.6705,0.0,0.8,0.2,16
BBC,üë©üèæ‚Äçüé®üé®üñº This artist on a mission to change how black women are illustrated with her beautiful designs. https://t.co/OiKhaT5joi,Fri Oct 05 08:00:11 +0000 2018,0.5994,0.196,0.804,0.0,17
BBC,"From dream job to reality: How do career dreams really work out?
üëâ https://t.co/jXwJd5MzSu https://t.co/cf8HHuYtyi",Fri Oct 05 07:08:05 +0000 2018,0.5719,0.281,0.719,0.0,18
BBC,"These urban corals are thriving against all odds in Miami.

#OurBluePlanet w/ @oceanx + @coralmorph https://t.co/zjeBH83ZM7",Fri Oct 05 06:11:03 +0000 2018,0.0,0.0,1.0,0.0,19
BBC,"üé∂ @BTS_twt is the #KPop band taking over the world and smashing records everywhere. 

Who are they and how did they‚Ä¶ https://t.co/SSFjTKFAjU",Thu Oct 04 20:06:04 +0000 2018,0.0,0.0,1.0,0.0,20
BBC,"Could the power of fake pills be used to treat some of our most common medical complaints? üíä

#Horizon The Placebo‚Ä¶ https://t.co/R3YMojVEYu",Thu Oct 04 19:01:08 +0000 2018,-0.5209,0.101,0.673,0.227,21
BBC,"This is how homophobia feels in 2018. 
#NationalPoetryDay https://t.co/Dk2F3dDLPl",Thu Oct 04 18:01:09 +0000 2018,0.0,0.0,1.0,0.0,22
BBC,"ü•ì Regularly eating foods like bacon and sausages may raise the risk of breast cancer, according to researchers.
üëâ‚Ä¶ https://t.co/drh72r7tDj",Thu Oct 04 17:11:06 +0000 2018,-0.6124,0.1,0.64,0.26,23
BBC,"Maya Angelou: prolific, powerful, and a polymath. 
#BlackHistoryMonth https://t.co/99z0ppyKYK",Thu Oct 04 16:03:07 +0000 2018,0.4215,0.286,0.714,0.0,24
BBC,"RT @BBCWales: Forget the lies and the myths about growing up on an estate. 

#NationalPoetryDay

https://t.co/HPKwfqx7bq",Thu Oct 04 15:29:47 +0000 2018,-0.4588,0.088,0.67,0.242,25
BBC,"How did Shakespeare invent all those clich√©s? And how can he be stopped?! ü§î
#NationalPoetryDay  https://t.co/sCmnhZiv4G",Thu Oct 04 14:01:23 +0000 2018,0.0,0.0,1.0,0.0,26
BBC,"üå°üåç What does 1.5C mean in a warming world?
üëâ https://t.co/XzjY5M8oNl https://t.co/kMLXVnvjxm",Thu Oct 04 13:03:03 +0000 2018,0.1531,0.151,0.849,0.0,27
BBC,Are you feeling lonely? https://t.co/HxqBp6oh17,Thu Oct 04 12:02:05 +0000 2018,-0.25,0.214,0.429,0.357,28
BBC,"RT @BBCEarth: This #WorldAnimalDay, we‚Äôre giving you an exclusive first look at David Attenborough‚Äôs new series.

#Dynasties - Coming soon‚Ä¶",Thu Oct 04 11:28:10 +0000 2018,0.4404,0.187,0.813,0.0,29
BBC,"Ever heard a beatboxing starling? üîäüîä
#WorldAnimalDay https://t.co/N758EN4j3s",Thu Oct 04 11:13:01 +0000 2018,0.0,0.0,1.0,0.0,30
BBC,"The pika might just be the world's cutest thief! 
#WorldAnimalDay https://t.co/v8dSKoVYgD",Thu Oct 04 10:45:47 +0000 2018,0.1759,0.248,0.546,0.206,31
BBC,Could this squat be a moment that sparks change? https://t.co/GFXOeWufHl,Thu Oct 04 10:26:38 +0000 2018,0.0,0.0,1.0,0.0,32
BBC,"üê¨ A dolphin with a prosthetic tail inspired Ellie‚Äôs Paralympic journey.

#OurBluePlanet w/ @oceanx https://t.co/WtUfOh4W2Z",Thu Oct 04 08:00:04 +0000 2018,0.4939,0.225,0.775,0.0,33
BBC,"ü•ó Eating a Mediterranean diet may help prevent depression, research suggests.
üëâ https://t.co/FIpHPRQHqV https://t.co/tl4BbDsxUa",Thu Oct 04 07:03:02 +0000 2018,-0.2263,0.245,0.516,0.239,34
BBC,"3 homeless people die every week in the UK.
Meanwhile in Finland...

(via @BBCThree) https://t.co/P4MYjbE4d1",Thu Oct 04 06:03:01 +0000 2018,-0.5994,0.0,0.769,0.231,35
BBC,"The search for Lord Sugar's next business partner begins, and this year the challenges are bigger and better than e‚Ä¶ https://t.co/El1AyC5sXs",Wed Oct 03 19:04:04 +0000 2018,0.4939,0.181,0.819,0.0,36
BBC,üéß‚ù§Ô∏è Dementia playlists are making such a big difference to these people.  https://t.co/ojVDVuP6to,Wed Oct 03 17:59:01 +0000 2018,0.0,0.0,1.0,0.0,37
BBC,RT @BBCnireland: ‚úç @BBCApprentice is back tonight on @BBCOne so here are some tips to get you hired! - https://t.co/gc5KSIFQf1 https://t.co‚Ä¶,Wed Oct 03 17:03:42 +0000 2018,0.0,0.0,1.0,0.0,38
BBC,‚ù§Ô∏è Couples will soon be able to choose a civil partnership instead of a marriage thanks to Rebecca and Charles. https://t.co/nampxOV5ur,Wed Oct 03 16:55:01 +0000 2018,0.4404,0.139,0.861,0.0,39
BBC,üçú The humble origins of an incredibly versatile food ‚Äì the potted history of instant noodles. https://t.co/3RMBZ33zFY,Wed Oct 03 15:58:03 +0000 2018,0.0,0.0,1.0,0.0,40
BBC,"üåô 'Leonardo da Vinci was the first recorded person to realise what a crescent moon was.'

Nine out of this world fa‚Ä¶ https://t.co/cpzfOniwxA",Wed Oct 03 13:04:03 +0000 2018,0.0,0.0,1.0,0.0,41
BBC,"That time @RyanGosling was training to be an astronaut and DEFINITELY WASN'T (was) sick. 
#TheGNShow https://t.co/mf8dnizxAV",Wed Oct 03 11:57:04 +0000 2018,0.0343,0.166,0.675,0.159,42
BBC,"üï∫üéô 'Tom Daley was an Elvis impersonator - with his dad'

10 surprising things we learned from @TomDaley1994‚Äôs‚Ä¶ https://t.co/NGQAEEJWdl",Wed Oct 03 11:01:02 +0000 2018,0.2732,0.11,0.89,0.0,43
BBC,"19-year-old rapper Kitch has a stutter when he speaks - but when he performs, it usually disappears. https://t.co/tVXhIeAwEg",Wed Oct 03 08:02:04 +0000 2018,-0.5574,0.0,0.753,0.247,44
BBC,"RT @BBCRadio2: ü•ÅDrumroll please!ü•Å

Our brand new Breakfast Show host is @ZoeTheBall! üëè

https://t.co/th597DBxQI https://t.co/dbfQgMsuHO",Wed Oct 03 08:01:24 +0000 2018,0.0,0.0,1.0,0.0,45
BBC,"üêß A zoo has been forced to fill its new penguin exhibit with models, as a shortage of birds means it is unable to g‚Ä¶ https://t.co/BmSAy8zQJP",Wed Oct 03 07:04:08 +0000 2018,-0.6124,0.0,0.808,0.192,46
BBC,"""Oh, I'm so sorry,"" and other things not to say to amputees. 
(via @BBCThree) https://t.co/L8eiOleNyi",Wed Oct 03 06:08:02 +0000 2018,0.0,0.0,1.0,0.0,47
BBC,"Discover the extraordinary story of how a small Scottish bank grew to briefly become the biggest in the world, befo‚Ä¶ https://t.co/OQpgOJ7edi",Tue Oct 02 19:02:07 +0000 2018,0.0,0.0,1.0,0.0,48
BBC,Knife crime is up 22%. Who are the victims and what‚Äôs to blame? https://t.co/ZEAml31p9m,Tue Oct 02 17:55:03 +0000 2018,-0.802,0.0,0.573,0.427,49
BBC,"The gender reveal party that sparked a massive 47,000 acre wildfire. 
üëâ https://t.co/b0Xc17AuK5 https://t.co/ROh8TOMH7K",Tue Oct 02 17:06:06 +0000 2018,0.4019,0.197,0.803,0.0,50
BBC,"In 2002, Iberian Lynx were the rarest cats in the world. But then something remarkable happened... https://t.co/iEVCaSDvjN",Tue Oct 02 16:06:02 +0000 2018,0.5574,0.184,0.816,0.0,51
BBC,Two scientists who discovered how to fight cancer using the body's immune system have won the 2018 #NobelPrize for‚Ä¶ https://t.co/fIj6Ly7Z3u,Tue Oct 02 14:06:04 +0000 2018,-0.2732,0.204,0.554,0.242,52
BBC,"üç≤üòã A bowl of warm, hearty stew is always a welcome sight on a cold day.

From a classic beef stew to a vegetarian h‚Ä¶ https://t.co/1X1qdk14Oh",Tue Oct 02 13:05:03 +0000 2018,0.5994,0.205,0.795,0.0,53
BBC,"Jodie Whittaker. New Doctor...and a 'Shat Lass'.
#TheGNShow #DoctorWho https://t.co/25HwEbjAfn",Tue Oct 02 12:05:04 +0000 2018,0.0,0.0,1.0,0.0,54
BBC,"Donna Strickland has become the first woman to have won the #NobelPrize in Physics in 55 years. 
üëâ‚Ä¶ https://t.co/hGIojnR1W0",Tue Oct 02 10:47:27 +0000 2018,0.5719,0.171,0.829,0.0,55
BBC,"RT @BBCSport: SPOTY is back - and there are some big changes.

The BBC Sports Personality of the Year 2018 contenders will be revealed on t‚Ä¶",Tue Oct 02 10:27:17 +0000 2018,0.0,0.0,1.0,0.0,56
BBC,"‚ù§Ô∏èüíÉüèª Ballet is still the love of Joyce's life at 98-years-old! 
#WorldBalletDay https://t.co/nzr3Jy1wbS",Tue Oct 02 10:16:58 +0000 2018,0.6696,0.272,0.728,0.0,57
BBC,"Over 300,000 marine animals are killed after becoming entangled in fishing gear every year. 
#DrowningInPlastic‚Ä¶ https://t.co/WmFqGMo8Es",Tue Oct 02 09:22:00 +0000 2018,-0.6705,0.0,0.769,0.231,58
BBC,RT @bbccomedy: ‚ÄòThere She Goes‚Äô starring @JefficaHoons and David Tennant comes to @BBCFOUR on October 16th. https://t.co/tH37Wg5TBC,Tue Oct 02 09:10:44 +0000 2018,0.0,0.0,1.0,0.0,59
BBC,"In January 1918, the Spanish flu swept the world and killed more people than WW1. 
#TheFluThatKilled50Million https://t.co/WinYKnWfSA",Tue Oct 02 08:00:09 +0000 2018,-0.7964,0.0,0.679,0.321,60
BBC,"üëõ Do you know where your tips go? 

A guide to how tipping works in restaurants.
üëâ https://t.co/CNU4t3iogG https://t.co/7dcsckQwcG",Tue Oct 02 07:05:06 +0000 2018,0.0,0.0,1.0,0.0,61
BBC,"More than half of the world's killer whales could be wiped out by man-made chemicals, scientists say.  https://t.co/w1SaxVchyO",Tue Oct 02 06:09:05 +0000 2018,-0.6486,0.0,0.798,0.202,62
BBC,Wildlife biologist @LizBonnin visits scientists working at the cutting edge of plastics research. She works with le‚Ä¶ https://t.co/rSc4ZR9MEX,Mon Oct 01 19:00:01 +0000 2018,-0.128,0.0,0.919,0.081,63
BBC,"A 19-year-old university student has described his photograph of a white fallow buck sneezing as a ""one-in-a-millio‚Ä¶ https://t.co/A1q3ZEIz2z",Mon Oct 01 17:16:04 +0000 2018,0.0,0.0,1.0,0.0,64
BBC,"RT @BBCFood: ü•ï It's World Vegetarian Day and we're celebrating all things veggie. Whether you're looking for a quick lunch, a healthy trayb‚Ä¶",Mon Oct 01 16:05:44 +0000 2018,0.7506,0.262,0.738,0.0,65
BBC,"RT @CBeebiesHQ: Cuddle up cheek to cheek!

Sharon D. Clarke is back for tonight's #BedtimeStory üò¥üìö

The biographical tale of Ella Fitzgeral‚Ä¶",Mon Oct 01 15:48:02 +0000 2018,0.0,0.0,1.0,0.0,66
BBC,These scientists have found plastic in every area of the Arctic; there are about 225 trillion particles in the whol‚Ä¶ https://t.co/UoKtCXow1b,Mon Oct 01 15:00:02 +0000 2018,0.0,0.0,1.0,0.0,67
BBC,"An Astrophysicist? A World Traveller? CEO of the British Library? üî≠üìöü§∑

Illustrator Sir Quentin Blake has reimagined‚Ä¶ https://t.co/PqXhCcoHH9",Mon Oct 01 14:01:07 +0000 2018,0.0,0.0,1.0,0.0,68
BBC,"RT @bbcgetinspired: 'I'm a Muslim woman, I'm visually-impaired and I'm a boxer' ü•äü•ä #GetInspired 

https://t.co/zJorjZokVM",Mon Oct 01 13:04:26 +0000 2018,0.0,0.0,1.0,0.0,69
BBC,"üé∂üåü@LadyGaga and Jodie Whittaker playing the #DoctorWho theme tune on the theremin is AMAZING. #TheGNShow

https://t.co/PEwaE9tzNH",Mon Oct 01 13:03:06 +0000 2018,0.7456,0.311,0.689,0.0,70
BBC,"üòÇüòÉüòê Can you spot a fake laugh? 

Take this quiz to find out. üëâ https://t.co/LAFjV5ggf7 https://t.co/sFjlLRwzQK",Mon Oct 01 12:33:03 +0000 2018,0.128,0.193,0.642,0.166,71
BBC,"Geoffrey Hayes, who hosted long-running children's TV show, Rainbow, has died aged 76.
üëâ https://t.co/10XDMpYCiz https://t.co/vPs5odJKqy",Mon Oct 01 12:08:21 +0000 2018,-0.5574,0.0,0.795,0.205,72
BBC,"This Amazing Human uses coffee to give homeless people a second chance. ‚òïÔ∏èüíõ#InternationalCoffeeDay

https://t.co/wOc1ce2B3J",Mon Oct 01 11:03:02 +0000 2018,0.7003,0.345,0.655,0.0,73
BBC,"Turns out it's *quite* difficult to keep a straight face while testing laughing gas...

https://t.co/nFlgKY7NuY",Mon Oct 01 10:03:06 +0000 2018,0.3818,0.274,0.591,0.134,74
BBC,RT @BBCRadio4: We conducted the world's largest survey on loneliness and discovered that 16-24 year olds are the loneliest age group. Read‚Ä¶,Mon Oct 01 09:46:54 +0000 2018,-0.7351,0.0,0.763,0.237,75
BBC,"We cannot WAIT for the new Doctor Who series! @bbcdoctorwho #TheGNShow

https://t.co/BkxpymO5Be",Mon Oct 01 09:04:02 +0000 2018,0.0,0.0,1.0,0.0,76
BBC,"Start your Monday the right way. Watch Tom Hardy explain to a child why we should love all things equally. üíîüò≠

https://t.co/646n5wwjvL",Mon Oct 01 08:02:02 +0000 2018,0.7845,0.266,0.734,0.0,77
BBC,Persistent chemical pollution threatens the future of killer whales. üíî https://t.co/wJJIQj8WLK https://t.co/saSP4leLjt,Mon Oct 01 07:32:01 +0000 2018,-0.7845,0.0,0.566,0.434,78
BBC,"Last year @higeorgeshelley's sister died in an accident. 

He opens up about grief and how to cope.

https://t.co/4SajjiJI6e",Mon Oct 01 07:03:05 +0000 2018,-0.872,0.0,0.602,0.398,79
BBC,"RT @BBCOne: ‚ÄúI see women out with their babies walking around like it‚Äôs nothing‚Ä¶ I just want to yell out at them, ‚ÄúYou‚Äôre amazing!‚Äù @Jenna_‚Ä¶",Sun Sep 30 20:21:03 +0000 2018,0.4753,0.157,0.843,0.0,80
BBC,RT @bbcstrictly: Wow. #Strictly Movie Week looks wand-erful! üßô‚Äç‚ôÇÔ∏è‚ú® https://t.co/3Iko29h06s,Sun Sep 30 19:39:53 +0000 2018,0.6239,0.313,0.687,0.0,81
BBC,"A mother‚Äôs life disintegrates while the world looks on. 

#TheCry | 9pm | @BBCOne | https://t.co/hDRdVsMamq https://t.co/2SrLnoKGLi",Sun Sep 30 19:03:02 +0000 2018,0.0,0.0,1.0,0.0,82
BBC,Tonight it's the first @BBCStrictly results show! Find out which couples have made it through and which two will be‚Ä¶ https://t.co/vytPpS8tTl,Sun Sep 30 17:16:03 +0000 2018,0.0,0.0,1.0,0.0,83
BBC,"RT @BBCOne: #TheCry ""is the perfect replacement for #Bodyguard, a twisting, turning whodunit that leaves you questioning everybody."" The Te‚Ä¶",Sun Sep 30 16:22:42 +0000 2018,0.5106,0.167,0.769,0.063,84
BBC,"RT @BBCOne: To mark 30 years in music, we‚Äôre making a @takethat documentary special and WE NEED YOU! 

Head to https://t.co/WiKSYB8coP to s‚Ä¶",Sun Sep 30 16:22:25 +0000 2018,0.4574,0.125,0.875,0.0,85
BBC,"üï∫‚ú® @Joe_Sugg says he worried that he was the 'joke act' in this year's #Strictly. 

https://t.co/FmKBnEJeoX https://t.co/O1GfHHBJud",Sun Sep 30 16:01:09 +0000 2018,0.0,0.113,0.773,0.113,86
BBC,"This is the incredible story of how London dug the Victoria Line! üöá

https://t.co/F8MsetBclS",Sun Sep 30 15:03:03 +0000 2018,0.0,0.0,1.0,0.0,87
BBC,"In Japan, 'aki no koe' refers to autumn's voice, which incorporates all the sounds of the season: the wind rustling‚Ä¶ https://t.co/2fynWfK1Wu",Sun Sep 30 14:02:04 +0000 2018,-0.296,0.0,0.901,0.099,88
BBC,"""Dyslexia tries to kick my butt daily - but I won't let it beat me"". 

https://t.co/EmtRJC2V5G",Sun Sep 30 13:06:04 +0000 2018,0.0,0.0,1.0,0.0,89
BBC,Kanye West is changing his name... to Ye. https://t.co/TMRrrzJuKX https://t.co/0ZkgnEbFkA,Sun Sep 30 12:44:04 +0000 2018,0.0,0.0,1.0,0.0,90
BBC,The lush green mosses of East Antarctica are finally succumbing to climate change. üíî https://t.co/z7j8jcx6TO https://t.co/r7C9gypVhC,Sun Sep 30 12:31:04 +0000 2018,0.0,0.0,1.0,0.0,91
BBC,"Going on a night out can be challenging when you're a wheelchair user. 

https://t.co/YvvQ1SnosW",Sun Sep 30 11:02:01 +0000 2018,0.1531,0.127,0.873,0.0,92
BBC,"This is disgusting. üòî

The Citarum River in Indonesia is one of the dirtiest rivers in the world. 

Plastic polluti‚Ä¶ https://t.co/F6z2NpXseT",Sun Sep 30 10:00:00 +0000 2018,-0.7783,0.0,0.726,0.274,93
BBC,"üêª Say hello to Kyra the sun bear... 

https://t.co/UvDxsG3QO1",Sun Sep 30 09:04:02 +0000 2018,0.0,0.0,1.0,0.0,94
BBC,RT @BBCWorld: Indonesia quake death toll 'at least 832' https://t.co/1VCcXxRrR4,Sun Sep 30 08:30:16 +0000 2018,-0.5994,0.0,0.698,0.302,95
BBC,"For children with autism, the stress of taking photos can be overwhelming. To make things easier, eight-year-old Le‚Ä¶ https://t.co/U3hpweRK0D",Sun Sep 30 07:31:05 +0000 2018,0.0,0.124,0.752,0.124,96
BBC,"This. Is. Amazing. üòÆ

Introducing the World Pole Climbing Championships...

https://t.co/osulkhFFhQ",Sun Sep 30 07:04:02 +0000 2018,0.5859,0.297,0.703,0.0,97
BBC,Chile has launched a huge hiking route through its Patagonian wilderness. üå≤üòçüèî  https://t.co/WFIcKZe5Hv https://t.co/RLKjTx2Emo,Sat Sep 29 20:32:03 +0000 2018,0.4215,0.257,0.743,0.0,98
BBC,üê£üòç Conservationists have been monitoring the progress of rare Leach's storm petrel chicks on the remote Scottish ar‚Ä¶ https://t.co/KzMHUIysAO,Sat Sep 29 17:02:12 +0000 2018,0.4215,0.135,0.865,0.0,99
BBC,"'My children bought back the car I sold to pay for wife's cancer treatment'. ‚ù§Ô∏èÔ∏èüöò

https://t.co/xOJwzbgGlE https://t.co/Tx3WYCkCXu",Sat Sep 29 16:01:07 +0000 2018,-0.7003,0.0,0.707,0.293,100
CBS,".@TheNeighborhood's @BethBehrs and @latelateshow may have come up with a new hit show called ""Naked Rabbi.""‚Ä¶ https://t.co/KLsSlzgC0f",Fri Oct 05 19:23:53 +0000 2018,0.0,0.0,1.0,0.0,1
CBS,"RT @FBICBS: When a killer's victim survives to tell the tale, it's up to the team to catch him before he kills again. 

The first SEVEN MIN‚Ä¶",Fri Oct 05 17:42:12 +0000 2018,-0.6808,0.0,0.811,0.189,2
CBS,But you know the CBS Fall TV that makes YOU smile. #WorldSmileDay https://t.co/JVOh5TlK0D,Fri Oct 05 16:45:23 +0000 2018,0.3612,0.172,0.828,0.0,3
CBS,Not everyone smiles at the same shows #WorldSmileDay https://t.co/XFwNIFleXf,Fri Oct 05 16:45:22 +0000 2018,0.4767,0.279,0.721,0.0,4
CBS,"And smile at shows that, you know, get you. #WorldSmileDay https://t.co/9JpmKkB7Ky",Fri Oct 05 16:45:22 +0000 2018,0.3612,0.2,0.8,0.0,5
CBS,Smile at shows you‚Äôve been meaning to smile at before #WorldSmileDay https://t.co/MWrtrX62BP,Fri Oct 05 16:45:21 +0000 2018,0.6124,0.333,0.667,0.0,6
CBS,Get right back into smiling with your favorites #WorldSmileDay https://t.co/BohCiTymMO,Fri Oct 05 16:45:21 +0000 2018,0.7003,0.42,0.58,0.0,7
CBS,Time to smile at new shows #WorldSmileDay https://t.co/n45SpVXuOq,Fri Oct 05 16:45:19 +0000 2018,0.3612,0.263,0.737,0.0,8
CBS,Smile! CBS Fall TV is here. #WorldSmileDay https://t.co/QhmtAmJL0X,Fri Oct 05 16:45:19 +0000 2018,0.4199,0.285,0.715,0.0,9
CBS,"The Big Bang Theory.
Young Sheldon, Mom, Murphy Brown.
S.W.A.T. Watch them tonight.

#NationalPoetryDay",Thu Oct 04 17:17:46 +0000 2018,0.0,0.0,1.0,0.0,10
CBS,@shygirlsue @Ranker And we couldn't be prouder of you.üòä https://t.co/Rt9bRkv32J,Thu Oct 04 00:34:37 +0000 2018,-0.3875,0.0,0.774,0.226,11
CBS,@suferah_khan https://t.co/hkLN6VK6WI,Wed Oct 03 23:45:21 +0000 2018,0.0,0.0,1.0,0.0,12
CBS,.@Ranker is ranking the best CBS shows of all time. Did your favorites make the list? https://t.co/D3ZrfZK0Q9,Wed Oct 03 23:39:03 +0000 2018,0.7906,0.318,0.682,0.0,13
CBS,".@CrimMinds_CBS returns tonight for its 300th episode. In honor of the milestone season premiere, the cast has a me‚Ä¶ https://t.co/o9aKkBKKtw",Wed Oct 03 19:35:31 +0000 2018,0.4939,0.151,0.849,0.0,14
CBS,".@wayansjr debuted his perfect impression of his father on @colbertlateshow but everybody, be cool, and don't tell‚Ä¶ https://t.co/MWa9UNOORj",Wed Oct 03 17:05:20 +0000 2018,0.6956,0.31,0.69,0.0,15
CBS,RT @CBSAllAccess: It's a great day to be a fan of #TheTwilightZone! We're celebrating the 59th anniversary of the classic series AND the of‚Ä¶,Tue Oct 02 21:25:29 +0000 2018,0.8858,0.354,0.646,0.0,16
CBS,"‚ö°Ô∏è ‚ÄúHappy Together Premieres on CBS‚Äù

https://t.co/W7IvELcMcw",Tue Oct 02 18:36:26 +0000 2018,0.0,0.0,1.0,0.0,17
CBS,"@miamicah We don't know for sure about that, but we are sure that you should be some sort of TV detective. üôÇ https://t.co/uW5aSn7jlO",Tue Oct 02 17:52:53 +0000 2018,-0.4449,0.0,0.836,0.164,18
CBS,"‚ö°Ô∏è ‚ÄúThe Neighborhood Premieres on CBS‚Äù

https://t.co/R72l342BFE",Tue Oct 02 16:49:34 +0000 2018,0.0,0.0,1.0,0.0,19
CBS,"RT @startrekcbs: Discover the next adventure of #StarTrekDiscovery January 2019, and catch #Starfleet at @NY_Comic_Con THIS Saturday. https‚Ä¶",Tue Oct 02 02:42:23 +0000 2018,0.3182,0.119,0.881,0.0,20
CBS,The stars of @TheNeighborhood and @happytogether celebrated their shows' premieres on CBS tonight with a good old f‚Ä¶ https://t.co/fu9SJzv7hZ,Tue Oct 02 01:10:54 +0000 2018,0.765,0.292,0.708,0.0,21
CBS,"RT @TheNeighborhood: It's almost time! Our live Q&amp;A with the casts of #TheNeighborhood &amp; #HappyTogether is starting at 8pm ET/ 5pm PT. 

Se‚Ä¶",Tue Oct 02 00:01:07 +0000 2018,0.0,0.0,1.0,0.0,22
CBS,Head over to the CBS Facebook page now for the #FacebookLive with @happytogether‚Äôs @wayansjr and @TheNeighborhood‚Äôs‚Ä¶ https://t.co/37QOrVA1sh,Mon Oct 01 21:56:03 +0000 2018,0.0,0.0,1.0,0.0,23
CBS,Join @happytogether's @wayansjr and @TheNeighborhood's @iamgreenfield for a Facebook Live TODAY at 5:45p ET/2:45 PT‚Ä¶ https://t.co/klrx7cA41H,Mon Oct 01 16:33:11 +0000 2018,0.296,0.136,0.864,0.0,24
CBS,"Due to #NFL football game overrun, #CBS Sunday lineup is delayed in East/Central time zones ONLY. New start times:‚Ä¶ https://t.co/zmEn7CVlUi",Sun Sep 30 23:51:26 +0000 2018,-0.2263,0.0,0.909,0.091,25
CBS,The cast of @GodFriendedMe answers some heavenly questions about social media before the show premieres tonight aft‚Ä¶ https://t.co/61Tx2GTn35,Sun Sep 30 17:00:00 +0000 2018,0.6124,0.19,0.81,0.0,26
CBS,RT @CBSAllAccess: Stream NFL on CBS LIVE today starting at 1pm ET on CBS All Access! üèà https://t.co/vsod8jYeZl https://t.co/UBp3R4UCAd,Sun Sep 30 14:34:18 +0000 2018,0.0,0.0,1.0,0.0,27
CBS,"On @colbertlateshow, @TheNeighborhood's @CedEntertainer and Stephen recall the first time they met on a night when‚Ä¶ https://t.co/vjz1zVg4sR",Fri Sep 28 22:22:01 +0000 2018,0.0,0.0,1.0,0.0,28
CBS,".@happytogether's @wayansjr, @HereIsGina &amp; @latelateshow discuss the pros and cons of living with a pop star. Con:‚Ä¶ https://t.co/PLXFxfheW7",Fri Sep 28 20:16:14 +0000 2018,0.0,0.0,1.0,0.0,29
CBS,"If you haven't seen @SEALTeamCBS, make it your mission to know them before the #SEALTeam Season 2 premiere October‚Ä¶ https://t.co/NhCPI3lZSV",Fri Sep 28 17:52:41 +0000 2018,0.0,0.0,1.0,0.0,30
CBS,"‚ö°Ô∏è ‚ÄúMurphy Brown Returns to CBS‚Äù

https://t.co/3vsAg7WcB1",Fri Sep 28 16:51:50 +0000 2018,0.0,0.0,1.0,0.0,31
CBS,.@TheNeighborhood's @iamgreenfield revealing his Fiddler on the Roof goals on @latelateshow will be the earworm you‚Ä¶ https://t.co/swbh8HPwA1,Thu Sep 27 20:19:18 +0000 2018,0.0,0.0,1.0,0.0,32
CBS,RT @MurphyBrownCBS: A moment 20 years in the making all comes down to this. #MurphyBrown returns to @CBS tonight! https://t.co/tWSMFM3YbG,Thu Sep 27 20:01:53 +0000 2018,0.0,0.0,1.0,0.0,33
CBS,"Candice Bergen tells @colbertlateshow the presidential way tonight's @MurphyBrownCBS premiere imitates life, albeit‚Ä¶ https://t.co/4Kbk8gt6nS",Thu Sep 27 17:19:16 +0000 2018,0.0,0.0,1.0,0.0,34
CBS,@marlagardner222 @jay_hernandez Good idea. The theme song is a dead giveaway. üòâ,Thu Sep 27 16:58:08 +0000 2018,-0.34,0.191,0.526,0.283,35
CBS,@queenmama7777 @CBSAllAccess We believe in you! https://t.co/ZK0xaPRxVr,Thu Sep 27 00:44:13 +0000 2018,0.0,0.0,1.0,0.0,36
CBS,@BSkyjackcity @jokersupdates @CBSAllAccess On it. https://t.co/yxKX9ry7fw,Thu Sep 27 00:42:15 +0000 2018,0.0,0.0,1.0,0.0,37
CBS,Sixteen houseguests entered and now it's down to the Final 3. Don't miss a second of the 90-minute #BB20Finale toni‚Ä¶ https://t.co/KwDHR9Hfqu,Wed Sep 26 21:49:27 +0000 2018,0.1139,0.071,0.929,0.0,38
CBS,"The tribe has spoken, and they do a pretty decent @JeffProbst impression just in time for the @survivorcbs Season P‚Ä¶ https://t.co/2Ps8VKblay",Wed Sep 26 19:57:54 +0000 2018,0.6249,0.221,0.779,0.0,39
CBS,"‚ö°Ô∏è ‚ÄúFBI Premieres on CBS‚Äù

https://t.co/faL6iHZc5g",Wed Sep 26 17:25:43 +0000 2018,0.0,0.0,1.0,0.0,40
CBS,"RT @CBSAllAccess: A night of crime dramas?! Oh yes. üôå Stream @NCIS_CBS, @FBICBS &amp; @NCISNewOrleans starting at 8/7c on CBS All Access: https‚Ä¶",Tue Sep 25 21:10:56 +0000 2018,-0.2714,0.106,0.745,0.149,41
CBS,"Before @FBICBS premieres tonight, @mperegrym stopped by @CBSThisMorning to talk about her role as an FBI agent in t‚Ä¶ https://t.co/CPVki4Hv8y",Tue Sep 25 20:31:45 +0000 2018,-0.2263,0.0,0.909,0.091,42
CBS,RT @CBSAllAccess: üö® @PatrickBrammall. Tim Meadows. @jessicaalba. @iamgreenfield. @AHWAmySedaris. @ChrisGethard. @JoeManganiello. AND SO MAN‚Ä¶,Tue Sep 25 19:54:26 +0000 2018,0.0,0.0,1.0,0.0,43
CBS,RT @bigbangtheory: Happy #NationalComicBookDay from Sheldon and his many shirts! How are you sporting your favorite superhero today? #BigBa‚Ä¶,Tue Sep 25 19:45:33 +0000 2018,0.7901,0.291,0.709,0.0,44
CBS,"‚ö°Ô∏è ‚ÄúMagnum P.I. Premieres on CBS‚Äù

https://t.co/UtbQlcDG8S",Tue Sep 25 18:34:26 +0000 2018,0.0,0.0,1.0,0.0,45
CBS,".@jay_hernandez went on @latelateshow to talk about @MagnumPICBS, but he may have gotten @TiffanyHaddish as a surf‚Ä¶ https://t.co/a3acRu10aw",Tue Sep 25 18:05:31 +0000 2018,0.0,0.0,1.0,0.0,46
CBS,"RT @60Minutes: 60 Minutes turns 50 today. Tick, tick, tick ... https://t.co/3CVKEs9J7F",Mon Sep 24 18:56:15 +0000 2018,0.0,0.0,1.0,0.0,47
CBS,"Due to #NFL football game overrun, #CBS Sunday lineup is delayed in ATL, Indy, NOLA, Kansas City, NYC, Philly, Prov‚Ä¶ https://t.co/fejqoxtvSY",Sun Sep 23 23:24:03 +0000 2018,-0.2263,0.0,0.913,0.087,48
CBS,Kick off your Sunday with @NFL on CBS. Catch your local games live on CBS and @CBSAllAccess. üèàüì∫‚Ä¶ https://t.co/kbo7N27mY9,Sun Sep 23 14:00:00 +0000 2018,0.0,0.0,1.0,0.0,49
CBS,"How does $100,000 sound? Because someone is going to win all that tonight on the @TKOCBS Battle Royale finale at 9p‚Ä¶ https://t.co/JEuUZ2QlQh",Fri Sep 21 19:18:00 +0000 2018,0.296,0.144,0.758,0.098,50
CBS,@colbertlateshow @IainLoveTheatre @IainLoveTheatre made a compelling argument. We'll get back to you. üòâ,Fri Sep 21 17:46:26 +0000 2018,-0.1531,0.142,0.672,0.187,51
CBS,"Now that @bigbangtheory is entering its last season, Kaley Cuoco admits to @latelateshow she's over the show's noto‚Ä¶ https://t.co/xvhlMWBhSX",Thu Sep 20 23:17:19 +0000 2018,0.296,0.109,0.891,0.0,52
CBS,RT @HawaiiFive0CBS: It‚Äôs the big Five-0! üéâ üåä #H50 premiered on this day in 1968! Celebrate 50 years of Hawaii Five-0 with every season of b‚Ä¶,Thu Sep 20 21:38:21 +0000 2018,0.6467,0.157,0.843,0.0,53
CBS,RT @JordanPeele: üì∫üåÄ https://t.co/CygbVi4JFC,Thu Sep 20 16:47:26 +0000 2018,0.0,0.0,1.0,0.0,54
CBS,The @latelateshow and @JKCorden will never be good enough for @henrygolding's crazy rich mom.‚Ä¶ https://t.co/xVmH5Iyfvs,Wed Sep 19 19:07:37 +0000 2018,-0.0531,0.176,0.588,0.236,55
CBS,RT @CBSThisMorning: Imagine receiving a digital friend request from someone claiming to be God. What would you do? The new @CBS drama @GodF‚Ä¶,Tue Sep 18 17:04:20 +0000 2018,0.6486,0.209,0.791,0.0,56
CBS,"RT @PriceIsRight: We're thrilled to be back with all new, fun, and exciting shows!!  We hope to give you another award winning season! HERE‚Ä¶",Mon Sep 17 22:01:52 +0000 2018,0.9642,0.527,0.473,0.0,57
CBS,RT @SalvationCBS: X marks the spot on the heart-stopping season finale of #SalvationCBS tonight at 9/8c on CBS &amp; CBS All Access: https://t.‚Ä¶,Mon Sep 17 21:41:20 +0000 2018,0.0,0.0,1.0,0.0,58
CBS,Waiting for tonight's @Elementary_CBS season finale like https://t.co/Ou8342vGT9,Mon Sep 17 19:18:37 +0000 2018,0.3612,0.263,0.737,0.0,59
CBS,"Due to an NFL overrun, the CBS Sunday lineup is delayed in the East/Central cities ONLY. New start times:‚Ä¶ https://t.co/IypoJ0l16P",Sun Sep 16 23:48:59 +0000 2018,-0.2263,0.0,0.909,0.091,60
CBS,RT @CBSAllAccess: Sundays were made for NFL on CBS. üèàüíØ Stream NFL on CBS All Access live today: https://t.co/vsod8jGE7N https://t.co/co2528‚Ä¶,Sun Sep 16 14:33:46 +0000 2018,0.0,0.0,1.0,0.0,61
CBS,"What happens when a PTA mom steals nearly $100,000 from her daughter's school? Don't miss the #PinkCollarCrimes sea‚Ä¶ https://t.co/Gjiy0pByaE",Sat Sep 15 16:00:01 +0000 2018,-0.4322,0.07,0.771,0.159,62
CBS,"RT @CBSAllAccess: No internet, no problem. You can now download and play your favorite shows on CBS All Access! üôå Learn how: https://t.co/y‚Ä¶",Fri Sep 14 18:22:59 +0000 2018,-0.2481,0.181,0.571,0.248,63
CBS,@PlaggemeyLee Mac's putting something together. üòâ https://t.co/6ww5HlV6Bx,Thu Sep 13 20:52:06 +0000 2018,0.0,0.0,1.0,0.0,64
CBS,This just in... https://t.co/QG3OYF6Rfv,Thu Sep 13 20:28:06 +0000 2018,0.0,0.0,1.0,0.0,65
CBS,RT @CBSAllAccess: Get excited! Stream original #MurphyBrown episodes for a limited time on CBS All Access before the @MurphyBrownCBS reviva‚Ä¶,Thu Sep 13 18:06:49 +0000 2018,0.4753,0.218,0.699,0.083,66
CBS,"This just in! The 54th #ACMawards will air LIVE from Las Vegas on Sunday, April 7, 2019 at 8/7c on CBS and‚Ä¶ https://t.co/Q9e7qxe26l",Mon Sep 10 17:06:16 +0000 2018,0.0,0.0,1.0,0.0,67
CBS,"Due to an NFL overrun, CBS is delayed 17 mins in the following markets: Kansas City, Miami, Tampa, NOLA, New York,‚Ä¶ https://t.co/9eXZ9mA1Xb",Sun Sep 09 23:36:09 +0000 2018,-0.2263,0.0,0.917,0.083,68
CBS,Are you ready for some football? üèà Stream your favorite NFL games LIVE on #CBSAllAccess today:‚Ä¶ https://t.co/eHt8guHoyv,Sun Sep 09 14:00:00 +0000 2018,0.6705,0.282,0.718,0.0,69
CBS,An unforgettable night of inspiring stories and performances highlighting the 10 years of impact #StandUpToCancer c‚Ä¶ https://t.co/8bp2XNKwfH,Sat Sep 08 16:20:43 +0000 2018,0.4215,0.149,0.851,0.0,70
CBS,The star-studded event is about to begin! Tune in now to watch #StandUpToCancer on CBS and @cbsallaccess. https://t.co/cD8TJuQBog,Sat Sep 08 00:00:00 +0000 2018,0.0,0.0,1.0,0.0,71
CBS,"RT @cbsallaccess: Join #TellMeAStory's @daniellemcam, @BillyMagnussen &amp; Dorian Missick by standing up to cancer! Watch @SU2C tonight at 8/7‚Ä¶",Fri Sep 07 23:15:09 +0000 2018,-0.5411,0.092,0.712,0.196,72
CBS,Tune in to a first-of-its-kind digital live show as lead up to @SU2C‚Äôs televised event tonight! The show will featu‚Ä¶ https://t.co/hIVaLAXYmR,Fri Sep 07 21:50:51 +0000 2018,0.0,0.0,1.0,0.0,73
CBS,Hollywood legend Burt Reynolds has passed away at the age of 82. He will be missed. https://t.co/HSmcJ9X9iC,Thu Sep 06 22:10:49 +0000 2018,-0.296,0.0,0.879,0.121,74
CBS,Here are @FBICBS‚Äô @JeremySisto and @EboneeReigne with a powerful message before #StandUpToCancer airs tomorrow! https://t.co/OCqh91N1OO,Thu Sep 06 19:00:01 +0000 2018,0.4753,0.192,0.808,0.0,75
CBS,Here's everything you need to know before tuning into #StandUpToCancer this Friday at 8/7c: https://t.co/IT9ht84TZ1 https://t.co/OK4AOxw5mP,Wed Sep 05 21:00:00 +0000 2018,0.0,0.0,1.0,0.0,76
CBS,Survivor host @JeffProbst is here to break down the theme of #Survivor: David vs. Goliath before the new season beg‚Ä¶ https://t.co/8TcA200eFQ,Wed Sep 05 17:32:40 +0000 2018,0.3612,0.111,0.889,0.0,77
CBS,"Thanks, @StephenAtHome. 
P.S. Nice beard. #LSSC https://t.co/wppVtfR9cL",Wed Sep 05 16:48:09 +0000 2018,0.6908,0.533,0.467,0.0,78
CBS,The biggest names in entertainment are coming together once again for #StandUpToCancer this Friday at 8/7c on @CBS‚Ä¶ https://t.co/ntuGKLYvuW,Tue Sep 04 20:34:26 +0000 2018,0.4215,0.135,0.865,0.0,79
CBS,RT @cbsallaccess: Stream #17 @WestVirginiaU vs. @UTKnoxville LIVE today at 3:30PM ET on CBS All Access! Try 1 month FREE using code BINGENO‚Ä¶,Sat Sep 01 15:25:34 +0000 2018,0.6514,0.171,0.829,0.0,80
CBS,"In just one week, @RWitherspoon, @McConaughey, Jennifer Garner, and more will attend the #‚ÄãStandUpToCancer fundrais‚Ä¶ https://t.co/iHKGOoWejA",Fri Aug 31 21:26:49 +0000 2018,0.0,0.0,1.0,0.0,81
CBS,"Believe in miracles. Watch this sneak peek of the complete premiere episode of @GodFriendedMe now, a month before i‚Ä¶ https://t.co/5AIUH5VmMk",Fri Aug 31 18:01:01 +0000 2018,0.0,0.0,1.0,0.0,82
CBS,"RT @cbsallaccess: Money. Murder. Mystery. #OneDollar is now streaming, exclusively on CBS All Access. https://t.co/3qFdTEmVU5 https://t.co/‚Ä¶",Thu Aug 30 19:45:51 +0000 2018,-0.6908,0.0,0.761,0.239,83
CBS,RT @GodFriendedMe: It's a godsend! We're dropping the #GodFriendedMe pilot tomorrow right here on Twitter for you to stream a full month be‚Ä¶,Thu Aug 30 15:32:47 +0000 2018,0.6239,0.17,0.83,0.0,84
CBS,"It's almost time for sweater weather, pumpkin spice lattes, and CBS Fall TV premieres. Check out the storylines for‚Ä¶ https://t.co/BpgDyYl8fc",Mon Aug 27 23:36:57 +0000 2018,0.0,0.0,1.0,0.0,85
CBS,RT @cbsallaccess: #NFL preseason coverage is here! üèà The Detroit @Lions battle the Tampa Bay @Buccaneers tonight at 8PM ET. Stream the game‚Ä¶,Fri Aug 24 20:30:16 +0000 2018,-0.4389,0.0,0.879,0.121,86
CBS,"@bigbangtheory üé∂...happy kitty, sleepy kitty, purr purr purrüé∂ #TheBigBangTheory https://t.co/sEObppGJlZ",Wed Aug 22 20:55:25 +0000 2018,0.0,0.0,1.0,0.0,87
CBS,"This is going to require multiple singings of ""Soft Kitty."" https://t.co/UdRGNeQ7Lb",Wed Aug 22 20:10:12 +0000 2018,0.0,0.0,1.0,0.0,88
CBS,Got to get more of the @PaulMcCartney #CarpoolKaraoke into your life? @latelateshow produced an hour-long bonus spe‚Ä¶ https://t.co/DjPqajo6Xn,Mon Aug 20 21:59:56 +0000 2018,0.5423,0.171,0.829,0.0,89
CBS,"How much does it cost to bury the truth? 
#OneDollar premieres August 30, exclusively on CBS All Access. https://t.co/ZL5TBH9ro5",Fri Aug 17 17:42:02 +0000 2018,0.3182,0.113,0.887,0.0,90
CBS,Things got carried away when @ArianaGrande joined @latelateshow for #CarpoolKaraoke. So did Ariana. #ArianaCarpool https://t.co/WSZcC0TaYz,Thu Aug 16 18:40:09 +0000 2018,0.0,0.0,1.0,0.0,91
CBS,RT @cbsallaccess: Murder mystery set in a small town? We're in. Rediscover the genius of original #TwinPeaks co-creators @DAVID_LYNCH and @‚Ä¶,Thu Aug 16 00:09:03 +0000 2018,-0.5267,0.092,0.72,0.188,92
CBS,New start times for @60Minutes 7:20ET/6:20CT @CBSBigBrother 8:20ET/7:20CT @NCISLA 9:20ET/8:20CT @Elementary_CBS 10:‚Ä¶ https://t.co/Op9VcDsREa,Sun Aug 12 23:30:02 +0000 2018,0.0,0.0,1.0,0.0,93
CBS,Clear your schedules for the 100th #PGAChamp! Stream the Final Round LIVE on @cbsallaccess at 2 PM ET across all de‚Ä¶ https://t.co/m6bH2pKTUN,Sun Aug 12 15:04:59 +0000 2018,0.4389,0.126,0.874,0.0,94
CBS,The fortune teller you‚Äôll meet this Saturday lived a life of luxury... by scamming her victims out of hundreds of t‚Ä¶ https://t.co/fJo6F2Eo5p,Sat Aug 11 18:00:00 +0000 2018,-0.3182,0.0,0.897,0.103,95
CBS,The 100th PGA Championship continues today! Stream it LIVE on @cbsallaccess at 2PM ET across all devices. Try 1 Wee‚Ä¶ https://t.co/jbMg06eOND,Sat Aug 11 15:00:02 +0000 2018,0.4926,0.144,0.856,0.0,96
CBS,"To celebrate the 100th PGA Championship, relive some of the tournament's greatest moments with Luke Wilson. 

Don't‚Ä¶ https://t.co/wUuB93smr4",Fri Aug 10 22:28:55 +0000 2018,0.8957,0.419,0.581,0.0,97
CBS,"RT @TrueCrimeCBS: When Glenn Walp and Steve Doran uncovered theft at the Los Alamos National Laboratory, they HAD to blow their whistles. W‚Ä¶",Fri Aug 10 19:59:14 +0000 2018,0.0,0.0,1.0,0.0,98
CBS,Want to create your own @CBSBigBrother or @TKOCBS meme using one the photos here? It‚Äôs your lucky day! Head over to‚Ä¶ https://t.co/JHJWykNkQT,Thu Aug 09 21:00:00 +0000 2018,0.6696,0.255,0.745,0.0,99
CBS,Time to celebrate! Your favorite Daytime shows will premiere with new seasons this fall. See all of the @CBSDaytime‚Ä¶ https://t.co/GNkK4Zf2kD,Thu Aug 09 18:47:00 +0000 2018,0.7901,0.28,0.72,0.0,100
nytimes,Her home in Vienna was confiscated by the Nazis in 1940. She later secretly moved back in and spied on the SS offic‚Ä¶ https://t.co/UIfZQ2NrxO,Fri Oct 05 19:30:04 +0000 2018,0.0,0.0,1.0,0.0,1
nytimes,Conservatives hope to use the liberal opposition to Brett Kavanaugh‚Äôs nomination as a graphic example of the threat‚Ä¶ https://t.co/Md7ORn1VQx,Fri Oct 05 19:15:06 +0000 2018,0.4404,0.146,0.854,0.0,2
nytimes,"RT @NYTNational: ‚ö°Ô∏è ‚ÄúChicago officer found guilty of murder in Laquan McDonald case‚Äù

https://t.co/fNL73Or7El",Fri Oct 05 19:10:07 +0000 2018,-0.8176,0.0,0.615,0.385,3
nytimes,Breaking News: A white Chicago police officer who shot a black teenager 16 times was convicted of second-degree mur‚Ä¶ https://t.co/E11ELSygND,Fri Oct 05 19:02:43 +0000 2018,0.0,0.0,1.0,0.0,4
nytimes,"For some, the sight of Melania Trump on a Kenyan safari wearing a white pith helmet ‚Äî a common symbol of European c‚Ä¶ https://t.co/xSkZPqb8XP",Fri Oct 05 19:00:10 +0000 2018,0.0,0.0,1.0,0.0,5
nytimes,"5 million Americans make their own bullets and shells. They say it's a therapeutic hobby, a money-saver and a way t‚Ä¶ https://t.co/CeXrrc4GU7",Fri Oct 05 18:45:09 +0000 2018,0.0,0.0,1.0,0.0,6
nytimes,"In Opinion

Emma Gonz√°lez writes, ""This isn‚Äôt something we are ever going to forget about. This isn‚Äôt something we‚Ä¶ https://t.co/tXBQhvJ72K",Fri Oct 05 18:30:04 +0000 2018,-0.2263,0.0,0.909,0.091,7
nytimes,"RT @NYTNational: ‚ÄúI flail, I gasp, and I make barbaric yawps ‚Äî even though the pool I‚Äôm using is only four feet deep, even though I have a‚Ä¶",Fri Oct 05 18:20:05 +0000 2018,0.0,0.0,1.0,0.0,8
nytimes,Here are the 4 key senators as the Senate moves toward a final vote Saturday on Judge Brett Kavanaugh https://t.co/J3v8dl9l5h,Fri Oct 05 18:10:03 +0000 2018,0.0,0.0,1.0,0.0,9
nytimes,"By the Book: What does Tom Hanks look for in a novel? ""Authenticity. I want to see the world accurately, and histor‚Ä¶ https://t.co/eBRl9N9ntt",Fri Oct 05 17:55:03 +0000 2018,0.3818,0.159,0.841,0.0,10
nytimes,"Exactly one year ago, reporting on Harvey Weinstein unleashed a movement. What will the next year bring? It‚Äôs hard‚Ä¶ https://t.co/IlgH7jKDzQ",Fri Oct 05 17:40:08 +0000 2018,0.0,0.0,1.0,0.0,11
nytimes,Senator Lisa Murkowski was the only Republican to vote against moving ahead with Brett Kavanaugh‚Äôs confirmation to‚Ä¶ https://t.co/Kb2Fcwfwzo,Fri Oct 05 17:25:07 +0000 2018,0.0,0.0,1.0,0.0,12
nytimes,"Trump claimed, without proof, that some of the women protesting the nomination of Brett Kavanaugh by confronting se‚Ä¶ https://t.co/VBy87p1J5h",Fri Oct 05 17:10:08 +0000 2018,-0.5267,0.0,0.794,0.206,13
nytimes,There are many theories for why there are so few black kickers and punters at historically black colleges. Here are‚Ä¶ https://t.co/9OaEv8LWqS,Fri Oct 05 16:55:06 +0000 2018,0.0,0.0,1.0,0.0,14
nytimes,"Modern Love: ""You can‚Äôt will the right man into your life simply by planning for him"" https://t.co/M8RNLZuJom [Corrects link]",Fri Oct 05 16:48:36 +0000 2018,0.6369,0.189,0.811,0.0,15
nytimes,"Bradley Cooper was very excited to finally reveal ""A Star Is Born."" But he wasn't really excited to sit down and ex‚Ä¶ https://t.co/tUbe3uNnGm",Fri Oct 05 16:40:08 +0000 2018,0.6582,0.204,0.796,0.0,16
nytimes,"He has raced in a panda costume, passed up corporate cash and staged a huge upset. Meet Yuki Kawauchi, the great od‚Ä¶ https://t.co/aEBdLsNZly",Fri Oct 05 16:25:06 +0000 2018,0.5859,0.237,0.667,0.096,17
nytimes,"Modern Love: ""You can‚Äôt will the right man into your life simply by planning for him"" https://t.co/KCsNYNT0y0",Fri Oct 05 16:20:10 +0000 2018,0.6369,0.208,0.792,0.0,18
nytimes,"For months, a reputed mobster has been pursued by someone who wanted him dead. On Thursday, outside a McDonald‚Äôs in‚Ä¶ https://t.co/YSL3JGfsez",Fri Oct 05 15:50:08 +0000 2018,-0.6486,0.0,0.807,0.193,19
nytimes,Democrats think Jacky Rosen can win a crucial Senate seat in Nevada. But first she needs to make an impression with‚Ä¶ https://t.co/Bs0vZfS5IB,Fri Oct 05 15:35:04 +0000 2018,0.6908,0.231,0.769,0.0,20
nytimes,"How special education is failing T.J., a friendly 12-year-old boy, and many children like him https://t.co/ixUXBFMCbr",Fri Oct 05 15:20:05 +0000 2018,0.6249,0.37,0.485,0.145,21
nytimes,"RT @nytgraphics: Results of procedural vote to limit debate on Kavanaugh nomination and move it to a final vote.

Murkowski voted No.
Manch‚Ä¶",Fri Oct 05 15:11:25 +0000 2018,-0.296,0.0,0.905,0.095,22
nytimes,A Frenchman who threw an ashtray and hit a young woman outside a Paris cafe after she confronted him for catcalling‚Ä¶ https://t.co/j93ymgomVF,Fri Oct 05 15:05:05 +0000 2018,-0.2023,0.0,0.909,0.091,23
nytimes,Breaking News: Judge Brett Kavanaugh cleared a major hurdle as the Senate voted to cut off debate on his nomination‚Ä¶ https://t.co/LjpcrnD5cx,Fri Oct 05 14:53:43 +0000 2018,-0.1779,0.065,0.837,0.098,24
nytimes,How every senator is voting on whether to advance Brett Kavanaugh's nomination to the Supreme Court https://t.co/VkRhEYzkV0,Fri Oct 05 14:44:02 +0000 2018,0.5574,0.184,0.816,0.0,25
nytimes,A divided Senate is headed toward a critical procedural vote Friday morning on the nomination of Brett Kavanaugh https://t.co/8kNRf7KGfh,Fri Oct 05 14:35:07 +0000 2018,-0.3182,0.0,0.874,0.126,26
nytimes,"RT @MichaelPaulson: You might know him as the creator of ‚ÄúRent.‚Äù But Jonathan Larson left behind much more music, and some of it is about t‚Ä¶",Fri Oct 05 14:25:01 +0000 2018,0.0,0.0,1.0,0.0,27
nytimes,"""I have had people who will say no to that building because they don't want to line his pockets"" said a broker abou‚Ä¶ https://t.co/9nVUWelQG6",Fri Oct 05 14:15:03 +0000 2018,-0.3447,0.0,0.86,0.14,28
nytimes,"""There's no fish in our 'fish,'"" said a fishmonger who opened what he says is London's first stand-alone vegan fish‚Ä¶ https://t.co/sTClYcVXUI",Fri Oct 05 14:00:13 +0000 2018,-0.296,0.0,0.896,0.104,29
nytimes,"""The vice president attempted to shift public scrutiny from Russia to China,"" said a senior fellow at the Brookings‚Ä¶ https://t.co/p9sEpFda9H",Fri Oct 05 13:44:01 +0000 2018,0.0,0.0,1.0,0.0,30
nytimes,"Cindy Sherman has recently taken to Instagram, where she has been producing a series of images utterly unlike anyth‚Ä¶ https://t.co/dbFF2G1Rpr",Fri Oct 05 13:31:04 +0000 2018,0.0,0.0,1.0,0.0,31
nytimes,Our cybersecurity reporter @sheeraf explains how she safeguards her devices https://t.co/wqFo3CVKDw,Fri Oct 05 13:16:04 +0000 2018,0.34,0.194,0.806,0.0,32
nytimes,John Paul Stevens said that Judge Brett Kavanaugh's statements at the hearings revealed prejudices that would make‚Ä¶ https://t.co/YgRuYlzrAY,Fri Oct 05 13:00:09 +0000 2018,-0.4215,0.0,0.859,0.141,33
nytimes,"His post and movement, #squatforchange, reignited the conversation about how changing stations are more commonly fo‚Ä¶ https://t.co/6zyqvXuFQZ",Fri Oct 05 12:45:05 +0000 2018,0.0,0.0,1.0,0.0,34
nytimes,"Breaking News: The U.S. economy added 134,000 jobs in September, extending a record run of hiring to eight full yea‚Ä¶ https://t.co/YeWJ2PTQnn",Fri Oct 05 12:38:07 +0000 2018,0.0,0.0,1.0,0.0,35
nytimes,"Joel Kaplan, Facebook's vice president for global public policy, sat two rows behind Judge Brett Kavanaugh at his t‚Ä¶ https://t.co/amvlqylND2",Fri Oct 05 12:30:12 +0000 2018,0.0,0.0,1.0,0.0,36
nytimes,What lawmakers from both parties had to say about the FBI report on Brett Kavanaugh https://t.co/pw5EmRWZsk,Fri Oct 05 12:16:02 +0000 2018,0.4019,0.153,0.847,0.0,37
nytimes,"Your daily @DealBook Briefing:

‚Ä¢ A report on Chinese spy chips sparks a heated debate.¬†

‚Ä¢ Elon Musk still isn't p‚Ä¶ https://t.co/WjEsidnTzB",Fri Oct 05 12:00:11 +0000 2018,0.0,0.0,1.0,0.0,38
nytimes,"""By recounting what happened to us, we relived our pain and risked being judged harshly by those around us,"" Nadia‚Ä¶ https://t.co/inBZZniHpL",Fri Oct 05 11:44:01 +0000 2018,-0.6369,0.0,0.785,0.215,39
nytimes,President Trump mocked former Senator Al Franken for folding ‚Äúlike a wet rag‚Äù and quickly resigning last year in th‚Ä¶ https://t.co/M9odjDB4qV,Fri Oct 05 11:30:12 +0000 2018,-0.4939,0.0,0.811,0.189,40
nytimes,"In Opinion

Op-Ed contributor @rgay writes: ""Despite everything we know about the prevalence of sexual assault and‚Ä¶ https://t.co/Ci4cIUT6d7",Fri Oct 05 11:15:04 +0000 2018,-0.5859,0.0,0.817,0.183,41
nytimes,RT @katierogers: FLOTUS dances with orphans in Kenya https://t.co/IhyHfMGtOJ,Fri Oct 05 11:11:03 +0000 2018,0.0,0.0,1.0,0.0,42
nytimes,What the FBI found out (or didn't) about Judge Brett Kavanaugh https://t.co/QNCJ7AHKZR https://t.co/NRoWkNpnLk,Fri Oct 05 11:00:07 +0000 2018,0.0,0.0,1.0,0.0,43
nytimes,"Denis Mukwege and Nadia Murad won the Nobel Peace Prize ""for their efforts to end the use of sexual violence as a w‚Ä¶ https://t.co/VABpgfQYLK",Fri Oct 05 10:44:03 +0000 2018,0.7506,0.312,0.565,0.122,44
nytimes,"The United States has long used its economic and financial power to pursue its foreign policy goals. But last week,‚Ä¶ https://t.co/AopS08hqbE",Fri Oct 05 10:30:04 +0000 2018,0.4215,0.123,0.877,0.0,45
nytimes,Morning¬†Briefing: Here's what you need to know to start your day https://t.co/w7pPy7gxgD,Fri Oct 05 10:16:03 +0000 2018,0.0,0.0,1.0,0.0,46
nytimes,"The Hong Kong government plans to force out an editor for the @FinancialTimes, a move that deepens concerns about t‚Ä¶ https://t.co/zWt8KLgsQ1",Fri Oct 05 10:00:12 +0000 2018,0.0,0.0,1.0,0.0,47
nytimes,"Nadia Murad, who had been forced into sexual slavery by the Islamic State, embarked on a worldwide campaign that he‚Ä¶ https://t.co/k441unnp7v",Fri Oct 05 09:50:00 +0000 2018,-0.8316,0.0,0.698,0.302,48
nytimes,"""I have seen what has been done to them. I have heard them tell me that armed attackers raped them and killed their‚Ä¶ https://t.co/9ZAalGkuAO",Fri Oct 05 09:40:00 +0000 2018,-0.93,0.0,0.61,0.39,49
nytimes,"In Opinion

Seeing the Earth from the moon 50 years ago changed these astronauts forever. In this film, they tell t‚Ä¶ https://t.co/zIfA8ZWRbo",Fri Oct 05 09:29:05 +0000 2018,0.0,0.0,1.0,0.0,50
nytimes,"RT @nytimesworld: Osaka, Japan, officially severed a sister-city partnership with San Francisco in protest of a ‚Äúcomfort women‚Äù monument ht‚Ä¶",Fri Oct 05 09:20:02 +0000 2018,-0.5423,0.0,0.78,0.22,51
nytimes,Breaking News: The Nobel Peace Prize was awarded to Denis Mukwege and Nadia Murad for their work to end the use of‚Ä¶ https://t.co/yT3p9xZUlX,Fri Oct 05 09:10:12 +0000 2018,0.8591,0.322,0.678,0.0,52
nytimes,"Unilever, the consumer products giant, has given up on plans to close its London headquarters https://t.co/FehRMzzmY3",Fri Oct 05 09:00:18 +0000 2018,0.0,0.0,1.0,0.0,53
nytimes,"""If 'Seinfeld' was a show about nothing, 'The Good Place' is a show about everything ‚Äî including, and especially, g‚Ä¶ https://t.co/TAPMJIoS8R",Fri Oct 05 08:45:03 +0000 2018,-0.3412,0.0,0.876,0.124,54
nytimes,"A prominent Pakistani journalist has been accused of treason, in a case the country‚Äôs press corps says is one of se‚Ä¶ https://t.co/1rCvAWorJd",Fri Oct 05 08:30:09 +0000 2018,-0.4215,0.094,0.697,0.209,55
nytimes,"In 1980s movies, girls got drunk, spied on, stuffed in car trunks and shopping carts, and laughed at. ""In stories e‚Ä¶ https://t.co/AYlNZOALHV",Fri Oct 05 08:15:04 +0000 2018,0.1531,0.118,0.787,0.094,56
nytimes,"It all started as a peaceful civil rights march. 50 years and 3,600 deaths later, the scars of Northern Ireland's T‚Ä¶ https://t.co/BTuv0iYTg3",Fri Oct 05 08:00:05 +0000 2018,0.4939,0.138,0.862,0.0,57
nytimes,The United States imposed sanctions against a Turkish company and two of its officers for doing business with North‚Ä¶ https://t.co/qTD7W41DZg,Fri Oct 05 07:45:02 +0000 2018,0.3612,0.133,0.806,0.062,58
nytimes,"A rural festival in Australia has become a gathering that ignites love and fights loneliness, where generosity, sup‚Ä¶ https://t.co/FmqjeIzJiH",Fri Oct 05 07:30:10 +0000 2018,0.7351,0.379,0.426,0.195,59
nytimes,RT @eringriffith: Most celebrity tech investors are men. Priyanka Chopra is about to change that: https://t.co/LCGSS41Ntm,Fri Oct 05 07:13:10 +0000 2018,0.0,0.0,1.0,0.0,60
nytimes,"‚ÄúForeign mercenaries will never be allowed in this country,‚Äù Afghanistan's president said, indirectly referring to‚Ä¶ https://t.co/oNx2tZ8vYv",Fri Oct 05 07:00:04 +0000 2018,0.0,0.0,1.0,0.0,61
nytimes,The mysterious company known as CEFC China was in the oil business. Now prosecutors say a top official explored ano‚Ä¶ https://t.co/kxNwUPKied,Fri Oct 05 06:45:06 +0000 2018,0.2023,0.087,0.913,0.0,62
nytimes,"When rescuers arrived at the buildings destroyed by an earthquake and tsunami in Palu, Indonesia, they first heard‚Ä¶ https://t.co/qjoswa41Qs",Fri Oct 05 06:30:08 +0000 2018,-0.4939,0.0,0.849,0.151,63
nytimes,"In Malaysia, what began as a routine rescue went horribly awry with a shocking swiftness. Six firefighters drowned. https://t.co/RN74gtTC7Q",Fri Oct 05 06:15:07 +0000 2018,-0.7717,0.125,0.494,0.38,64
nytimes,"Yer a museum exhibit, Harry https://t.co/nRrWVIv88V",Fri Oct 05 06:00:09 +0000 2018,0.0,0.0,1.0,0.0,65
nytimes,"RT @MujMash: What explains Ghani gov's sudden anger at Blackwater's Erik Prince? 

We have been following a story on how officials fear Pri‚Ä¶",Fri Oct 05 05:53:54 +0000 2018,-0.7845,0.0,0.743,0.257,66
nytimes,"Thousands of immigrants from El Salvador, Haiti, Nicaragua and Sudan are breathing sighs of relief: For now, they c‚Ä¶ https://t.co/TbVpQZbjju",Fri Oct 05 05:45:03 +0000 2018,0.4767,0.14,0.86,0.0,67
nytimes,"‚ÄúOnce you engineer a virus that spreads by insect, it is hard to imagine how you would ever control it,‚Äù one critic‚Ä¶ https://t.co/xpFnEckok5",Fri Oct 05 05:30:04 +0000 2018,-0.1027,0.0,0.938,0.062,68
nytimes,"In 2015, Leon Lederman, a Nobel Prize-winning physicist, had to sell his medal for $765,000 to pay medical bills https://t.co/YYmtoEoEP8",Fri Oct 05 05:15:04 +0000 2018,0.4019,0.144,0.791,0.065,69
nytimes,RT @amyyqin: In what other job would eating everything in sight at a Taiwanese night market be considered work? #lovemyjob My story on Q te‚Ä¶,Fri Oct 05 05:02:03 +0000 2018,0.0,0.0,1.0,0.0,70
nytimes,"‚ÄúWhat they have shown is that certain journals, and perhaps to an extent certain fields, can‚Äôt distinguish between‚Ä¶ https://t.co/2dLV5YQnPp",Fri Oct 05 04:47:02 +0000 2018,0.4939,0.198,0.802,0.0,71
nytimes,"RT @nytopinion: Only by voting no, by asking Trump to send someone else for it to consider, can the Senate pass its test of institutional c‚Ä¶",Fri Oct 05 04:32:02 +0000 2018,-0.296,0.0,0.919,0.081,72
nytimes,President Trump mocked former Senator Al Franken for folding ‚Äúlike a wet rag‚Äù and quickly resigning last year in th‚Ä¶ https://t.co/aZpFHG8XsN,Fri Oct 05 04:17:01 +0000 2018,-0.4939,0.0,0.811,0.189,73
nytimes,"Mia Love, the only black Republican woman in Congress, won her last election by nearly 13 points. But Democrats see‚Ä¶ https://t.co/1uHAZTCY4e",Fri Oct 05 04:02:05 +0000 2018,0.7717,0.281,0.641,0.078,74
nytimes,"In Opinion

Daniel Willingham writes: ""There‚Äôs no good scientific evidence that learning styles actually exist."" https://t.co/TwvXDRfPZQ",Fri Oct 05 03:47:01 +0000 2018,0.1779,0.152,0.733,0.115,75
nytimes,Judge Brett Kavanaugh‚Äôs op-ed in The Wall Street Journal appeared to be aimed at a handful of lawmakers who remaine‚Ä¶ https://t.co/wsA0ikocCF,Fri Oct 05 03:32:01 +0000 2018,0.0,0.0,1.0,0.0,76
nytimes,"RT @NYTObits: When a deadly blizzard hit Nebraska in 1888, a teacher used quick thinking to get her students to safety. Read Minnie Freeman‚Ä¶",Fri Oct 05 03:17:04 +0000 2018,0.4215,0.118,0.882,0.0,77
nytimes,"In an unusual rebuke from a former member of the Supreme Court, Justice John Paul Stevens said that Judge Brett Kav‚Ä¶ https://t.co/dg2RyXPdH5",Fri Oct 05 03:02:05 +0000 2018,0.7906,0.269,0.731,0.0,78
nytimes,RT @jakesilverstein: Rollout of @NYTmag Culture Issue continues today with this beautiful profile of @BarryJenkins by @angelaflournoy (w/ p‚Ä¶,Fri Oct 05 02:51:03 +0000 2018,0.6833,0.204,0.796,0.0,79
nytimes,"10 women are running for New York‚Äôs State Senate against another female candidate, the highest number of two-woman‚Ä¶ https://t.co/swlyIMETem",Fri Oct 05 02:47:04 +0000 2018,0.0772,0.067,0.933,0.0,80
nytimes,"Senator Orrin Hatch, shielded by aides, waved a protester off, telling her and others that he would talk to them ‚Äúw‚Ä¶ https://t.co/JCbZ8RVl0L",Fri Oct 05 02:30:06 +0000 2018,0.0,0.0,1.0,0.0,81
nytimes,"RT @nytopinion: There is clear, substantial evidence that Brett Kavanaugh has not been honest throughout his confirmation process. But cons‚Ä¶",Fri Oct 05 02:17:02 +0000 2018,0.1774,0.183,0.705,0.112,82
nytimes,What's one of the fastest growing sources of greenhouse gas emissions? A new report says plastics. https://t.co/p92EDjjX2w,Fri Oct 05 02:02:01 +0000 2018,0.1779,0.102,0.898,0.0,83
nytimes,Elon Musk took to Twitter less than a week after settling the Securities and Exchange Commission's lawsuit against‚Ä¶ https://t.co/kzBve0527a,Fri Oct 05 01:47:02 +0000 2018,0.0772,0.109,0.796,0.095,84
nytimes,RT @jwpetersNYT: ‚ÄúThis is a dry run for the impeachment.‚Äù The right tries to keep the base on edge over Kavanaugh. But does it last if he g‚Ä¶,Fri Oct 05 01:33:03 +0000 2018,0.0,0.0,1.0,0.0,85
nytimes,"Osaka, Japan, officially severed a sister-city partnership with San Francisco in protest of a ‚Äúcomfort women‚Äù monum‚Ä¶ https://t.co/u1B7GYe3ec",Fri Oct 05 01:24:02 +0000 2018,-0.5423,0.0,0.757,0.243,86
nytimes,"RT @shamblanderson: I hung out for 2 days on the set of my favorite TV show, @nbcthegoodplace, and left liking it even more. I wrote about‚Ä¶",Fri Oct 05 01:11:06 +0000 2018,0.6908,0.213,0.787,0.0,87
nytimes,Evening Briefing: Here's what you need to know at the end of the day https://t.co/aTEwvgoVVx,Fri Oct 05 01:02:05 +0000 2018,0.0,0.0,1.0,0.0,88
nytimes,"RT @hkbeech: When the earthquake came to Palu, Indonesia, entire neighborhoods disappeared under a bubbling sludge. https://t.co/POrBkxJecM",Fri Oct 05 00:51:05 +0000 2018,-0.2263,0.0,0.888,0.112,89
nytimes,Here's a list of early voting dates for the states that allow it [corrected typo] https://t.co/8MImT5BwcA,Fri Oct 05 00:48:47 +0000 2018,0.2263,0.119,0.881,0.0,90
nytimes,New York City officials said that they had joined state regulators in examining whether President Trump and his fam‚Ä¶ https://t.co/epk9F9w9J8,Fri Oct 05 00:32:03 +0000 2018,0.0,0.0,1.0,0.0,91
nytimes,RT @PamelaPaulNYT: Everything about this cover brings me joy. Just wait ‚Äòtil you read ‚Å¶@StephenKing‚Å©‚Äôs review. Just wait ‚Äòtil you read Tana‚Ä¶,Fri Oct 05 00:24:05 +0000 2018,0.5859,0.153,0.847,0.0,92
nytimes,"A New Jersey Transit train leaving Manhattan derailed entering a tunnel under the Hudson River on Thursday evening,‚Ä¶ https://t.co/gtGkuWrOPn",Fri Oct 05 00:17:04 +0000 2018,-0.34,0.0,0.87,0.13,93
nytimes,It was the political equivalent of throwing an interception on the opening play of the game. A look at efforts to r‚Ä¶ https://t.co/AuPjeKUxUl,Fri Oct 05 00:02:05 +0000 2018,0.34,0.103,0.897,0.0,94
nytimes,"The FBI investigation into Kavanaugh has ended. Here‚Äôs who was questioned, and who was not. https://t.co/6joKrA4TnW",Thu Oct 04 23:47:05 +0000 2018,-0.1027,0.0,0.915,0.085,95
nytimes,RT @lauriegnyt: Americans used to vote at much higher rates - as high as 80% even in midterms. What changed? A big-picture look at our aili‚Ä¶,Thu Oct 04 23:17:04 +0000 2018,0.0,0.0,1.0,0.0,96
nytimes,Evening Briefing: Here's what you need to know at the end of the day https://t.co/6hstvvVAwq,Thu Oct 04 23:06:06 +0000 2018,0.0,0.0,1.0,0.0,97
nytimes,It‚Äôs been called the most debauched outdoor party in Australia. But behind the drunken antics at the Deni Ute Muste‚Ä¶ https://t.co/YKU6HFRhfp,Thu Oct 04 22:51:03 +0000 2018,0.4522,0.129,0.871,0.0,98
nytimes,"""When you invest in a black woman, she brings her house, her block, her church and her story,"" said Glynda C. Carr,‚Ä¶ https://t.co/FMofIlt11i",Thu Oct 04 22:37:04 +0000 2018,-0.4404,0.0,0.879,0.121,99
nytimes,"This Greek-style broiled shrimp dish is ready in just 10 minutes, making it the perfect weeknight recipe https://t.co/dIkLqEQzM9",Thu Oct 04 22:33:04 +0000 2018,0.7351,0.279,0.721,0.0,100
